"Status","MLS #","Address","Original Price","Subdivision","Listing City State Zip","List Price","Price","Sold Price","Bedrooms","Full Baths Total","Total Baths","1/2 Baths Total","Total Full Garage Stalls","Fin Above Grade SqFt","Fin Part/All Below Grd SF","Finished SqFt","Parcel ID","Est. Total Acres","Cumulative DOM","School District","High School","Total Assess Year","Days On Market","List Date","Accepted Offer","Expiration Date","Closing Date","Total Assess","Sold Price Per SQFT","Above Grade Sold Price Per SqFt","Competing Written Offers","Zip","Year Built","Sale Factors","Financing at Closing","Mailing City","Price Per SQFT","Limited Service","County"
"Offer-No Show","2029579","6199 County Road M","$250,000",,"Fitchburg WI 53575","$250,000","$250,000",,"2","1","1.0","0","1","1,658","0","1,658","0609-304-9210-1","0.97","11","Verona","Verona","2025","11","8/1/2026","8/12/2026","2/1/2027",,"288,000",,,,"53575","1947",,,"Fitchburg","$150.78","No","Dane"
"Sold","2010670","206 Thompson Street","$429,000",,"Verona WI 53593-1044","$399,900","$300,000","$300,000","3","1","1.5","1","2","1,085","493","1,578","0608-164-4232-7","0.36","55","Verona","Verona","2024","55","10/13/2025","12/7/2025","4/13/2026","12/30/2025","372,300","$190.11","276.50","No","53593-1044","1977","Arms Length","Conventional","Verona","$190.11","No","Dane"
"Sold","2010844","2640 Osmundsen Road","$324,900",,"Fitchburg WI 53711","$324,900","$320,000","$320,000","2","1","1.5","1","2","1,334","0","1,334","0609-162-3365-2","0.36","106","Verona","Verona","2025","106","10/15/2025","3/1/2026","10/15/2026","3/30/2026","285,630","$239.88","239.88","No","53711","1984","Arms Length","Conventional","Fitchburg","$239.88","No","Dane"
"Sold","2011830","303 Melody Lane","$325,000",,"Verona WI 53593","$325,000","$323,250","$323,250","2","1","1.0","0","1","992","170","1,162","060822140462","0.10","0","Verona","Verona","2025","0","8/25/2025","8/25/2025","11/1/2025","10/31/2025","227,800","$278.18","325.86","No","53593","1967","Arms Length","Conventional","Verona","$278.18","No","Dane"
"Sold","2019719","5800 Tudor Drive","$324,900","Wildwood","Fitchburg WI 53711","$324,900","$324,900","$324,900","3","2","2.0","0","1","1,032","600","1,632","0609-162-2885-2","0.22","10","Verona","Verona","2025","10","3/31/2026","4/18/2026","9/30/2026","5/15/2026","245,400","$199.08","314.83","No","53711","1978","Arms Length","Conventional","Fitchburg","$199.08","No","Dane"
"Sold","2024561","5205 Meadowood Drive","$354,900","Western Hills","Fitchburg WI 53711","$329,900","$329,900","$329,900","4","2","2.0","0","2","1,040","544","1,584","0609-061-3199-3","0.25","26","Verona","Verona","2026","26","5/27/2026","6/22/2026","12/31/2026","7/6/2026","362,400","$208.27","317.21","Yes","53711","1977","Arms Length","Cash","Fitchburg","$208.27","No","Dane"
"Sold","2006569","209 N Jefferson Street","$365,000","Hamiltons","Verona WI 53593","$365,000","$345,000","$345,000","3","2","2.0","0","2","1,166","600","1,766","0608-151-5667-5","0.24","13","Verona","Verona","2025","13","8/13/2025","9/2/2025","12/31/2025","10/3/2025","320,600","$195.36","295.88","No","53593","1968","Arms Length","Conventional","Verona","$195.36","No","Dane"
"Sold","2009382","312 Schweitzer Drive","$359,900",,"Verona WI 53593","$349,900","$353,500","$353,500","3","1","1.5","1","2","1,320","265","1,585","0608-154-5266-2","0.15","18","Verona","Verona","2025","18","9/22/2025","10/11/2025","12/21/2025","11/14/2025","325,800","$223.03","267.80","Yes","53593","1998","Arms Length","Conventional","Verona","$223.03","No","Dane"
"Active","2028897","206 N Marietta Street","$374,000","Miller & Mutchler","Verona WI 53593","$354,000","$354,000",,"3","1","1.0","0","1","1,136","312","1,448","0608-153-1134-5","0.20","27","Verona","Verona","2025","27","7/23/2026",,"10/23/2026",,"308,500",,,,"53593","1948",,,"Verona","$244.48","No","Dane"
"Sold","2020237","208 N Main Street","$375,000","Meyers-Beath Add'n","Verona WI 53593","$375,000","$360,000","$360,000","4","2","2.0","0","1","2,086","0","2,086","0608-153-0004-4","0.30","12","Verona","Verona","2025","12","4/7/2026","4/19/2026","10/7/2026","5/27/2026","348,300","$172.58","172.58","No","53593","1950","Arms Length","Conventional","Verona","$172.58","No","Dane"
"Sold","2024438","209 N Marietta Street","$350,000",,"Verona WI 53593","$350,000","$365,000","$365,000","2","1","1.0","0","1","803","240","1,043","0608-153-1045-3","0.19","6","Verona","Verona","2025","6","5/28/2026","6/16/2026","12/31/2026","7/16/2026","288,400","$349.95","454.55","Yes","53593","1950","Arms Length","Conventional","Verona","$349.95","No","Dane"
"Sold","2015688","2700 Spark Street","$375,000","Crescent Crossing","Fitchburg WI 53711","$375,000","$367,500","$367,500","2","2","2.5","1","1","1,249","0","1,249","0609-083-5035-2","0.05","18","Verona","Verona","2025","18","1/29/2026","2/22/2026","6/30/2026","3/30/2026","354,900","$294.24","294.24","Yes","53711","2021","Arms Length","Conventional","Fitchburg","$294.24","No","Dane"
"Expired","2005262","2700 Spark Street","$379,900","Crescent Crossing","Fitchburg WI 53711","$369,500","$369,500",,"2","2","2.5","1","1","1,249","0","1,249","0609-083-5035-2","0.06","73","Verona","Verona","2025","73","7/25/2025",,"10/31/2025",,"354,900",,,,"53711","2021",,,"Fitchburg","$295.84","No","Dane"
"Expired","2008170","2532 Spark Street","$379,900","Crescent Crossing","Fitchburg WI 53711","$369,800","$369,800",,"2","2","2.5","1","1","1,403","0","1,403","0609-083-4430-2","0.04","36","Verona","Verona","2025","36","9/5/2025",,"10/11/2025",,"366,900",,,,"53711","2022",,,"Fitchburg","$263.58","No","Dane"
"Sold","2003358","6108 White Pine Way","$395,000",,"Fitchburg WI 53711","$374,900","$375,000","$375,000","3","1","1.5","1","2","1,292","0","1,292","0609-053-7621-2","0.16","48","Verona","Verona","2025","48","7/1/2025","9/30/2025","12/31/2025","11/3/2025","351,500","$290.25","290.25","Yes","53711","2000","Arms Length","Conventional","Fitchburg","$290.25","No","Dane"
"Sold","2006519","851 NORTH EDGE Trail","$375,000","Badger Prairie","Verona WI 53593","$375,000","$375,000","$375,000","4","2","2.0","0","2","952","164","1,116","0608-151-2898-2","0.15","4","Verona","Verona","2024","4","8/13/2025","8/26/2025","2/13/2026","9/17/2025","312,000","$336.02","393.91","Yes","53593","1999","Arms Length","FVA","Verona","$336.02","No","Dane"
"Sold","2022045","414 Lucille Street","$379,900","Sokolaski Addn","Verona WI 53593","$379,900","$379,900","$379,900","3","2","2.0","0","1","1,106","200","1,306","0608-164-1252-9","0.28","9","Verona","Verona","2025","9","4/30/2026","5/27/2026","4/30/2027","6/26/2026","315,800","$290.89","343.49","No","53593","1983","Arms Length","Conventional","Verona","$290.89","No","Dane"
"Offer-Show","2030296","443 S Main Street","$380,000",,"Verona WI 53593","$380,000","$380,000",,"3","1","1.0","0","1","988","0","988","0608-221-4733-1","0.52","7","Verona","Verona","2026","7","8/12/2026","8/13/2026","8/12/2027",,"332,400",,,,"53593","1951",,,"Verona","$384.62","No","Dane"
"Sold","2007155","4478 Sentinel Pass","$374,900","Belmar Hills","Fitchburg WI 53711","$374,900","$385,000","$385,000","3","2","2.0","0","2","1,496","192","1,688","0609-051-3475-0","0.22","4","Verona","Verona","2024","4","8/22/2025","8/26/2025","2/22/2026","9/29/2025","337,900","$228.08","257.35","Yes","53711","1979","Arms Length","WHEDA","Fitchburg","$228.08","No","Dane"
"Sold","2013894","507 Scheele Court","$390,000","Kenwood","Verona WI 53593","$390,000","$388,600","$388,600","3","1","1.0","0","2","1,120","0","1,120","0608-164-6184-2","0.27","3","Verona","Verona","2025","3","12/18/2025","1/3/2026","6/30/2026","2/6/2026","319,100","$346.96","346.96","No","53593","1974","Arms Length","Conventional","Verona","$346.96","No","Dane"
"Offer-No Show","2026681","3021 Dorchester Way","$389,900","Prairie Hills","Madison WI 53719","$389,900","$389,900",,"3","2","2.0","0","2","1,064","500","1,564","0608-014-0915-8","0.19","3","Verona","Verona","2025","3","6/25/2026","6/28/2026","12/31/2026",,"348,100",,,"Yes","53719","1991",,,"Madison","$249.30","No","Dane"
"Sold","1980452","1724 Happy Trails Road","$439,900","ARDENT GLEN","Verona WI 53593","$389,900","$389,900","$389,900","3","2","2.5","1","2","1,523","0","1,523","0608-081-2518-2","0.08","535","Verona","Verona","2024","535","6/28/2024","12/15/2025","1/14/2026","1/12/2026","0","$256.01","256.01","No","53593","2024","Arms Length","Conventional","Verona","$256.01","No","Dane"
"Sold","2025284","408 S Jefferson Street","$389,900","Neffs","Verona WI 53593","$389,900","$389,900","$389,900","3","2","2.0","0","1","1,118","400","1,518","0608-221-3468-5","0.28","5","Verona","Verona","2025","5","6/8/2026","6/15/2026","12/31/2026","7/17/2026","343,000","$256.85","348.75","No","53593","1963","Arms Length","WHEDA","Verona","$256.85","No","Dane"
"Sold","2010067","301 Barbara Street","$399,900","Sokoloski Replat","Verona WI 53593","$399,900","$390,000","$390,000","3","1","1.5","1","2","1,428","0","1,428","0608-153-2188-9","0.25","109","Verona","Verona","2025","33","10/3/2025","11/5/2025","12/3/2025","12/22/2025","353,900","$273.11","273.11","No","53593","1966","Arms Length","Conventional","Verona","$273.11","No","Dane"
"Sold","2015937","2419 Wildcat Drive","$389,900","Crescent Crossing","Fitchburg WI 53711","$389,900","$390,000","$390,000","2","2","2.5","1","1","1,340","63","1,403","0609-083-4298-2","0.05","14","Verona","Verona","2025","14","2/3/2026","2/24/2026","2/3/2027","4/22/2026","383,000","$277.98","291.04","No","53711","2024","Arms Length","Conventional","Fitchburg","$277.98","No","Dane"
"Sold","2013122","2901 Maple Grove Drive","$389,900","Maple Grove","Madison WI 53719","$389,900","$390,000","$390,000","3","2","2.5","1","2","1,260","412","1,672","0608-013-1218-7","0.22","5","Verona","Verona","2024","5","11/26/2025","12/8/2025","7/31/2026","1/7/2026","404,400","$233.25","309.52","Yes","53719","1992","Arms Length","Cash","Madison","$233.25","No","Dane"
"Expired","1999845","1093 Siena Drive","$399,900",,"Verona WI 53593","$399,900","$399,900",,"3","2","2.5","1","2","1,492","0","1,492","0608-271-2098-2","0.11","100","Verona","Verona","2025","100","5/15/2025",,"8/22/2025",,"360,800",,,,"53593","2017",,,"Verona","$268.03","No","Dane"
"Sold","2006261","1784 Happy Trails Road","$409,900","ARDENT GLEN","Verona WI 53593","$399,900","$399,900","$399,900","3","2","2.5","1","2","1,532","0","1,532","0608-081-2573-2","0.08","153","Verona","Verona","2025","153","8/8/2025","1/8/2026","2/4/2026","1/30/2026","409,000","$261.03","261.03","No","53593","2025","Arms Length","Cash","Verona","$261.03","No","Dane"
"Active","2025994","845 Kimball Lane","$415,000","Hometown Grove","Verona WI 53593-1791","$400,000","$400,000",,"3","3","3.5","1","2","1,600","500","2,100","0608-233-1089-2","0.06","66","Verona","Verona","2025","66","6/12/2026",,"12/31/2026",,"341,000",,,,"53593-1791","2007",,,"Verona","$190.48","No","Dane"
"Sold","MM1933255","1045 Range Trail","$475,000","Woods at Cathedral Point","Verona WI 53593","$408,000","$400,000","$400,000","3","2","2.5","2","2","1,656","200","1,856","286060826224412","0.15","147","Verona","Call School District",,"147","9/2/2025","1/27/2026","1/1/2079","2/27/2026",,"$215.52","241.55",,"53593","2021",,"Seller","Verona","$215.52","No","Dane"
"Sold","2026742","505 Mark Drive","$399,900",,"Verona WI 53593-1022","$399,900","$400,000","$400,000","3","1","1.0","0","1","1,144","0","1,144","0608-153-4543-4","0.22","8","Verona","Verona","2025","8","6/25/2026","7/3/2026","12/23/2026","8/7/2026","306,300","$349.65","349.65","No","53593-1022","1965","Arms Length","Conventional","Verona","$349.65","No","Dane"
"Sold","2012705","4475 Sentinel Pass","$400,000","Belmar","Fitchburg WI 53711-4724","$400,000","$400,000","$400,000","3","1","1.5","1","2","1,408","399","1,807","0609-051-3508-0","0.22","5","Verona","Verona","2024","5","11/19/2025","11/24/2025","5/31/2026","12/19/2025","303,800","$221.36","284.09","Yes","53711-4724","1978","Arms Length","Conventional","Fitchburg","$221.36","No","Dane"
"Sold","2014205","5730 Norfolk Drive","$400,000","Jamestown","Fitchburg WI 53719","$400,000","$400,000","$400,000","3","2","2.5","1","2","1,679","375","2,054","0609-063-0533-1","0.21","2","Verona","Verona","2025","2","10/14/2025","10/16/2025","10/14/2026","12/16/2025","398,900","$194.74","238.24","No","53719","1979","Arms Length","Conventional","Fitchburg","$194.74","No","Dane"
"Sold","2024921","2638 Richardson Street","$350,000","Highwood Hills","Fitchburg WI 53711","$350,000","$400,000","$400,000","3","3","3.0","0","2","1,732","506","2,238","0609-162-2056-5","0.33","3","Verona","Verona","2025","3","6/3/2026","6/6/2026","10/3/2026","6/26/2026","471,400","$178.73","230.95","Yes","53711","1979","Arms Length","Cash","Fitchburg","$178.73","No","Dane"
"Sold","2014191","2428 Equity Lane","$399,900","Renaissance On The Park","Fitchburg WI 53711","$399,900","$401,375","$401,375","4","2","2.0","0","1","1,280","240","1,520","0609-052-1158-2","0.12","13","Verona","Verona","2025","13","12/31/2025","1/13/2026","5/31/2026","2/13/2026","355,500","$264.06","313.57","No","53711","2019","Arms Length","Conventional","Fitchburg","$264.06","No","Dane"
"Sold","MM1960070","4501 Pawnee Pass","$405,000",,"Fitchburg WI 53711","$405,000","$402,000","$402,000","4","2","2.5","1","2","1,242","337","1,600","0609-051-2511-7","0.22","0","Verona","Call School District",,"0","4/12/2026","4/12/2026","1/1/2079","4/28/2026",,"$251.25","323.67",,"53711","1973","Arms Length","Cash","Fitchburg","$251.25","No","Dane"
"Sold","2020765","209 N Shuman Street","$400,000",,"Verona WI 53593","$400,000","$405,000","$405,000","3","1","1.0","0","1","1,399","0","1,399","0608-153-1625-1","0.20","5","Verona","Verona","2025","5","4/15/2026","4/27/2026","12/31/2026","5/29/2026","316,000","$289.49","289.49","Yes","53593","1940","Arms Length","Conventional","Verona","$289.49","No","Dane"
"Offer-No Show","2027685","5749 Richmond Drive","$449,999","Jamestown","Fitchburg WI 53719","$410,000","$410,000",,"4","2","2.5","1","2","1,662","615","2,277","0609-062-6196-9","0.23","31","Verona","Verona","2025","31","7/9/2026","8/9/2026","12/31/2026",,"393,100",,,"Yes","53719","1976",,,"Fitchburg","$180.06","No","Dane"
"Sold","2004352","828 Cedar Court","$469,000","Cross Country Heights","Verona WI 53593","$429,000","$414,000","$414,000","3","2","2.5","1","2","1,308","484","1,792","0608-152-3041-4","0.30","47","Verona","Verona","2025","47","7/14/2025","9/1/2025","1/13/2026","10/1/2025","374,300","$231.03","316.51","No","53593","1984","Arms Length","Conventional","Verona","$231.03","No","Dane"
"Expired","2003583","301 Barbara Street","$419,000","Sokoloski Replat","Verona WI 53593","$414,000","$414,000",,"3","1","1.5","1","2","1,428","0","1,428","0608-153-2188-9","0.25","76","Verona","Verona","2025","76","7/3/2025",,"9/30/2025",,"353,900",,,,"53593","1966",,,"Verona","$289.92","No","Dane"
"Sold","1994165","1761 Innovation Lane","$439,900","ARDENT GLEN","Verona WI 53593","$414,900","$414,900","$414,900","3","2","2.5","1","2","1,472","0","1,472","0608-081-2364-2","0.07","375","Verona","Verona","2024","375","2/27/2025","3/11/2026","4/21/2026","4/17/2026","6,800","$281.86","281.86","No","53593","2025","Arms Length","Conventional","Verona","$281.86","No","Dane"
"Sold","2014551","1642 Star Light Drive","$414,900","Ardent Glen","Verona WI 53593","$414,900","$414,900","$414,900","3","2","2.5","1","2","1,532","0","1,532","0608-081-2023-2","0.11","69","Verona","Verona","2025","69","1/8/2026","3/18/2026","4/21/2026","4/17/2026","63,100","$270.82","270.82","No","53593","2026","Arms Length","Conventional","Verona","$270.82","No","Dane"
"Sold","2011674","2546 Wildcat Drive","$424,900","Crescent Crossing","Fitchburg WI 53711","$424,900","$415,000","$415,000","3","2","2.5","1","2","1,525","0","1,525","0609-083-4639-2","0.07","22","Verona","Verona","2024","22","10/31/2025","11/22/2025","10/31/2026","12/5/2025","391,700","$272.13","272.13","Yes","53711","2022","Arms Length","Cash","Fitchburg","$272.13","No","Dane"
"Sold","2021712","5210 Big Bow Road","$415,000",,"Fitchburg WI 53711","$415,000","$415,000","$415,000","3","2","2.5","1","2","1,288","404","1,692","0609-061-4165-1","0.25","2","Verona","Verona","2025","2","4/25/2026","4/27/2026","10/24/2026","5/29/2026","356,200","$245.27","322.20","No","53711","1976","Arms Length","Conventional","Fitchburg","$245.27","No","Dane"
"Active","2016741","1715 Innovation Lane","$427,900","Ardent Glen","Verona WI 53593","$417,900","$417,900",,"3","2","2.5","1","2","1,480","0","1,480","0608-081-2397-2","0.08","182","Verona","Verona","2025","182","2/18/2026",,"2/18/2027",,"73,600",,,,"53593","2025",,,"Verona","$282.36","No","Dane"
"Sold","2018331","1727 Innovation Lane","$417,900","Ardent Glen","Verona WI 53593","$417,900","$417,900","$417,900","3","2","2.5","1","2","1,480","0","1,480","0608-081-2386-2","0.08","106","Verona","Verona","2025","106","3/12/2026","6/26/2026","8/17/2026","8/12/2026","68,300","$282.36","282.36","No","53593","2026","Arms Length","Conventional","Verona","$282.36","No","Dane"
"Sold","2027028","1743 Innovation Lane","$417,900","ARDENT GLEN","Verona WI 53593","$417,900","$417,900","$417,900","3","2","2.5","1","2","1,481","0","1,481","0608-081-2375-2","0.14","0","Verona","Verona","2025","0","5/15/2026","5/15/2026","6/30/2026","6/26/2026","68,300","$282.17","282.17","No","53593","2026","Arms Length","Conventional","Verona","$282.17","No","Dane"
"Offer-No Show","2021537","1742 Innovation Lane","$419,900","ARDENT GLEN","Verona WI 53593","$419,900","$419,900",,"4","2","2.5","1","2","1,586","0","1,586","0608-081-2892-2","0.07","85","Verona","Verona","2025","85","4/23/2026","7/17/2026","4/23/2027",,"6,800",,,,"53593","2026",,,"Verona","$264.75","No","Dane"
"Sold","2020546","1760 Innovation Lane","$419,900","ARDENT GLEN","Verona WI 53593","$419,900","$419,900","$419,900","3","2","2.5","1","2","1,586","0","1,586","0608-081-2903-2","0.07","49","Verona","Verona","2025","49","4/13/2026","6/1/2026","7/2/2026","6/30/2026","6,800","$264.75","264.75","No","53593","2026","Arms Length","Conventional","Verona","$264.75","No","Dane"
"Sold","2006228","1796 Happy Trails Road","$419,900","ARDENT GLEN","Verona WI 53593","$419,900","$419,900","$419,900","3","2","2.5","1","2","1,532","0","1,532","0608-081-2584-2","0.08","48","Verona","Verona","2025","48","8/8/2025","9/25/2025","12/10/2025","12/8/2025","413,700","$274.09","274.09","No","53593","2025","Arms Length","Conventional","Verona","$274.09","No","Dane"
"Sold","2010429","304 Barbara Street","$389,900",,"Verona WI 53593","$389,900","$420,000","$420,000","3","2","2.5","1","2","1,421","0","1,421","0608-153-3534-7","0.28","5","Verona","Verona","2025","5","10/9/2025","10/14/2025","4/9/2026","11/17/2025","425,900","$295.57","295.57","Yes","53593","1983","Arms Length","Conventional","Verona","$295.57","No","Dane"
"Sold","2026238","109 Edward Street","$429,000","Sokoloski","Verona WI 53593","$429,000","$420,000","$420,000","3","2","2.0","0","2","1,152","806","1,958","0608-153-2232-4","0.21","4","Verona","Verona","2025","4","6/19/2026","6/23/2026","6/19/2027","8/3/2026","337,800","$214.50","364.58","No","53593","1965","Arms Length","Conventional","Verona","$214.50","No","Dane"
"Sold","2016205","5704 Richmond Drive","$395,000","Jamestown","Fitchburg WI 53719","$395,000","$421,000","$421,000","3","1","1.5","1","2","1,204","662","1,866","0609-062-6643-7","0.25","11","Verona","Verona","2025","11","2/6/2026","3/2/2026","8/31/2026","4/9/2026","331,000","$225.62","349.67","Yes","53719","1977","Arms Length","Conventional","Fitchburg","$225.62","No","Dane"
"Sold","2011842","5912 Minong Lane","$425,000","Crescent Crossing","Fitchburg WI 53711","$425,000","$423,000","$423,000","3","2","2.5","1","2","1,525","0","1,525","0609-083-4925-2","0.08","23","Verona","Verona","2025","23","11/3/2025","11/26/2025","5/3/2026","12/30/2025","424,400","$277.38","277.38","Yes","53711","2021","Arms Length","Conventional","Fitchburg","$277.38","No","Dane"
"Expired","1992500","2522 Wildcat Drive","$435,000","Crescent Crossing","Fitchburg WI 53711","$424,900","$424,900",,"3","2","2.5","1","2","1,525","0","1,525","0609-083-4683-2","0.06","171","Verona","Verona","2024","171","1/27/2025",,"10/10/2025",,"388,800",,,,"53711","2022",,,"Fitchburg","$278.62","No","Dane"
"Sold","2013819","1654 Star Light Drive","$424,900","ARDENT GLEN","Verona WI 53593","$424,900","$424,900","$424,900","3","2","2.5","1","2","1,532","0","1,532","0608-081-2012-2","0.11","0","Verona","Verona","2025","0","10/27/2025","10/27/2025","12/16/2025","12/15/2025","96,000","$277.35","277.35","No","53593","2025","Arms Length","Conventional","Verona","$277.35","No","Dane"
"Sold","2013859","1657 Waverly Way","$429,900","ARDENT GLEN","Verona WI 53593","$424,900","$424,900","$424,900","3","2","2.5","1","2","1,656","0","1,656","0608-081-2331-2","0.09","56","Verona","Verona","2025","56","12/17/2025","2/11/2026","3/17/2026","3/16/2026","72,100","$256.58","256.58","No","53593","2025","Arms Length","Conventional","Verona","$256.58","No","Dane"
"Sold","2008583","800 Forest View Drive","$425,000","East View Heights","Verona WI 53593","$425,000","$425,000","$425,000","3","3","3.0","0","2","1,598","72","1,670","0608-232-2380-9","0.29","1","Verona","Verona","2024","1","9/12/2025","9/13/2025","9/12/2026","10/16/2025","391,100","$254.49","265.96","No","53593","1981","Arms Length","Conventional","Verona","$254.49","No","Dane"
"Sold","2022724","5737 Williamsburg Way","$465,000","Jamestown","Fitchburg WI 53719","$425,000","$425,000","$425,000","4","2","2.0","0","2","1,862","492","2,354","0609-062-6887-3","0.23","34","Verona","Verona","2026","34","5/5/2026","6/15/2026","11/5/2026","7/15/2026","377,500","$180.54","228.25","No","53719","1979","Arms Length","Conventional","Fitchburg","$180.54","No","Dane"
"Sold","2023863","5824 Osmundsen Court","$450,000","Seminole Forest","Fitchburg WI 53711","$450,000","$425,000","$425,000","3","3","3.0","0","2","2,423","572","2,995","0807-353-2389-1","0.39","5","Verona","Verona","2025","5","5/21/2026","5/26/2026","5/21/2027","6/5/2026","592,172","$141.90","175.40","Yes","53711","1986","Arms Length","Cash","Fitchburg","$141.90","No","Dane"
"Sold","2024598","2813 Maple Grove Drive","$399,900","Maple Grove","Madison WI 53719","$399,900","$425,000","$425,000","3","2","2.0","0","2","1,304","308","1,612","0608-013-1219-5","0.21","3","Verona","Verona","2026","3","5/28/2026","5/31/2026","11/28/2026","6/24/2026","398,600","$263.65","325.92","Yes","53719","1990","Arms Length","Conventional","Madison","$263.65","No","Dane"
"Sold","2008775","6064 Vroman Road","$450,000",,"Fitchburg WI 53593","$440,000","$427,000","$427,000","3","2","2.0","0","2","1,612","0","1,612","0609-202-8690-6","0.88","82","Verona","Verona","2025","82","9/15/2025","12/15/2025","3/31/2026","1/26/2026","427,600","$264.89","264.89","Yes","53593","1960","Arms Length","Conventional","Fitchburg","$264.89","No","Dane"
"Sold","2005579","1115 Drumlin Drive","$425,000",,"Verona WI 53593","$425,000","$427,500","$427,500","3","2","2.0","0","2","1,212","600","1,812","0608-103-4881-2","0.18","6","Verona","Verona","2024","6","7/30/2025","9/11/2025","11/30/2025","10/6/2025","389,200","$235.93","352.72","Yes","53593","2001","Arms Length","Conventional","Verona","$235.93","No","Dane"
"Sold","2008270","450 Jenna Drive","$415,000","Westridge Estates","Verona WI 53593","$415,000","$427,500","$427,500","3","2","2.0","0","2","1,554","0","1,554","0608-163-0795-6","0.21","8","Verona","Verona","2025","8","9/8/2025","10/9/2025","5/31/2026","11/4/2025","430,300","$275.10","275.10","Yes","53593","1998","Arms Length","Conventional","Verona","$275.10","No","Dane"
"Sold","2024384","108 N Franklin Street","$415,000",,"Verona WI 53593","$415,000","$427,500","$427,500","3","1","1.5","1","2","1,040","480","1,520","0608-154-2703-3","0.29","9","Verona","Verona","2025","9","5/28/2026","6/6/2026","11/27/2026","7/2/2026","333,900","$281.25","411.06","Yes","53593","1961","Arms Length","Conventional","Verona","$281.25","No","Dane"
"Active","2026098","1728 Innovation Lane","$429,900","ARDENT GLEN","Verona WI 53593","$429,900","$429,900",,"3","2","2.5","1","2","1,532","0","1,532","0608-081-2881-2","0.07","63","Verona","Verona","2025","63","6/17/2026",,"6/17/2027",,"6,800",,,,"53593","2026",,,"Verona","$280.61","No","Dane"
"Sold","2016875","1666 Star Light Drive","$429,900","ARDENT GLEN","Verona WI 53593","$429,900","$429,900","$429,900","3","2","2.5","1","2","1,532","0","1,532","0608-081-3013-2","0.09","117","Verona","Verona","2025","117","2/19/2026","6/16/2026","2/19/2027","7/29/2026","66,400","$280.61","280.61","No","53593","2025","Arms Length","Conventional","Verona","$280.61","No","Dane"
"Sold","2014884","2315 Spring Rose Road","$430,000",,"Verona WI 53593","$430,000","$430,000","$430,000","3","1","1.5","1","2","1,200","318","1,518","0607-241-9900-6","1.00","3","Verona","Verona","2025","3","1/14/2026","1/17/2026","7/15/2026","2/25/2026","421,400","$283.27","358.33","Yes","53593","1971","Arms Length","Conventional","Verona","$283.27","No","Dane"
"Sold","2016515","543 Goldenrod Circle","$419,900",,"Verona WI 53593","$419,900","$430,000","$430,000","3","2","2.0","0","2","976","590","1,566","0608-232-6008-2","0.17","3","Verona","Verona","2025","3","2/13/2026","2/16/2026","8/17/2026","3/18/2026","359,600","$274.58","440.57","Yes","53593","2000","Arms Length","Conventional","Verona","$274.58","No","Dane"
"Sold","2002167","6384 Demarco Trail","$499,000","Pleasant Acres","Verona WI 53593-9999","$475,000","$430,000","$430,000","4","2","2.0","0","2","1,248","1,206","2,454","0608-131-6080-6","0.86","116","Verona","Verona","2024","116","6/11/2025","10/5/2025","12/10/2025","10/31/2025","231,500","$175.22","344.55","No","53593-9999","1971","Arms Length","Conventional","Verona","$175.22","No","Dane"
"Sold","2025768","302 S Franklin Street","$425,000",,"Verona WI 53593","$425,000","$430,000","$430,000","2","1","1.0","0","6","1,428","0","1,428","0608-154-5092-7","0.49","12","Verona","Verona","2025","12","6/12/2026","6/24/2026","6/12/2028","7/14/2026","338,900","$301.12","301.12","Yes","53593","1948","Arms Length","Cash","Verona","$301.12","No","Dane"
"Sold","2021214","324 N Nine Mound Road","$425,000","Thompson Heights","Verona WI 53593","$425,000","$430,000","$430,000","3","1","1.5","2","2","1,232","530","1,762","0608-164-2497-2","0.39","0","Verona","Verona","2025","0","4/20/2026","4/23/2026","10/19/2026","6/5/2026","372,500","$244.04","349.03","No","53593","1982","Arms Length","Conventional","Verona","$244.04","No","Dane"
"Expired","2011653","2401 Wildcat Drive","$432,000","Crescent Crossing","Fitchburg WI 53711","$432,000","$432,000",,"3","2","2.5","1","3","1,604","133","1,737","0609-083-4331-2","0.06","166","Verona","Verona","2025","63","10/29/2025",,"12/30/2025",,"450,300",,,,"53711","2024",,,"Fitchburg","$248.70","No","Dane"
"Expired","2022994","1238 Merry Blossom Lane","$434,900","Woods at Cathedral Point","Verona WI 53593","$434,900","$434,900",,"3","2","2.5","1","2","1,526","0","1,526","0608-262-4595-2","0.09","7","Verona","Verona","2025","7","5/7/2026",,"8/7/2026",,"400,400",,,,"53593","2023",,,"Verona","$284.99","No","Dane"
"Sold","2027155","1247 Early Twilight Way","$435,000","Woods at Cathedral Point","Verona WI 53593","$435,000","$435,000","$435,000","3","2","2.5","1","2","1,522","0","1,522","0608-262-4474-2","0.10","1","Verona","Verona","2025","1","4/13/2026","4/14/2026","7/18/2026","7/1/2026","408,900","$285.81","285.81","No","53593","2023","Arms Length","Conventional","Verona","$285.81","No","Dane"
"Sold","2007966","731 Ariel Lane","$435,000","Hawthorne Hills","Verona WI 53593","$435,000","$435,000","$435,000","3","2","2.5","1","2","1,287","300","1,587","0608-233-3625-2","0.17","3","Verona","Verona","2024","3","9/4/2025","9/28/2025","9/4/2026","11/14/2025","373,800","$274.10","338.00","No","53593","2005","Arms Length","Conventional","Verona","$274.10","No","Dane"
"Sold","2023094","2625 Wildcat Drive","$440,000","Crescent Crossing","Fitchburg WI 53711","$440,000","$435,000","$435,000","3","2","2.5","1","2","1,525","504","2,029","0609-083-5233-2","0.06","7","Verona","Call School District","2025","7","5/11/2026","6/17/2026","11/30/2026","7/15/2026","440,900","$214.39","285.25","Yes","53711","2021","Arms Length","Conventional","Fitchburg","$214.39","No","Dane"
"Sold","2010433","2473 Wildcat Drive","$454,999",,"Fitchburg WI 53711","$439,000","$438,000","$438,000","3","2","2.5","1","2","1,605","0","1,605","0609-083-4199-2","0.10","56","Verona","Verona","2025","56","10/6/2025","12/1/2025","7/6/2026","1/16/2026","441,100","$272.90","272.90","Yes","53711","2023","Arms Length","Conventional","Fitchburg","$272.90","No","Dane"
"Sold","2006077","206 Gilman Street","$450,000","Hamiltons","Verona WI 53593","$450,000","$438,000","$438,000","3","1","1.5","1","2","1,274","544","1,818","0608-151-5739-8","0.22","26","Verona","Verona","2025","26","8/6/2025","9/8/2025","1/31/2026","9/25/2025","414,600","$240.92","343.80","No","53593","1960","Arms Length","Conventional","Verona","$240.92","No","Dane"
"Sold","2007486","1665 Waverly Way","$439,900","ARDENT GLEN","Verona WI 53593","$439,900","$439,900","$439,900","3","2","2.5","1","2","1,656","0","1,656","0608-081-2001-2","0.18","97","Verona","Verona","2025","97","8/27/2025","12/2/2025","1/14/2026","1/12/2026","79,700","$265.64","265.64","No","53593","2025","Arms Length","Conventional","Verona","$265.64","No","Dane"
"Sold","2016710","1660 Star Light Drive","$439,900","ARDENT GLEN","Verona WI 53593","$439,900","$439,900","$439,900","3","2","2.5","1","2","1,532","0","1,532","0608-081-3024-2","0.11","17","Verona","Verona","2025","17","2/17/2026","3/6/2026","4/17/2026","4/15/2026","82,900","$287.14","287.14","No","53593","2026","Arms Length","Conventional","Verona","$287.14","No","Dane"
"Sold","2026506","1768 Star Light Drive","$439,900","ARDENT GLEN","Verona WI 53593","$439,900","$439,900","$439,900","3","2","2.5","1","2","1,523","0","1,523","0608-054-4201-2","0.08","0","Verona","Verona","2026","0","5/14/2026","5/14/2026","6/23/2026","6/22/2026","0","$288.84","288.84","No","53593","2026","Arms Length","Conventional","Verona","$288.84","No","Dane"
"Expired","2005158","5912 Minong Lane","$435,000","Crescent Crossing","Fitchburg WI 53711","$440,000","$440,000",,"3","2","2.5","1","2","1,525","0","1,525","0609-083-4925-2","0.08","63","Verona","Verona","2024","63","7/23/2025",,"10/1/2025",,"386,300",,,,"53711","2021",,,"Fitchburg","$288.52","No","Dane"
"Active","2028307","2421 Renaissance Drive","$450,000",,"Fitchburg WI 53711","$440,000","$440,000",,"3","3","3.0","0","2","1,135","504","1,639","0609-052-0644-2","0.09","98","Verona","Verona","2025","34","7/16/2026",,"1/16/2027",,"338,700",,,,"53711","2006",,,"Fitchburg","$268.46","No","Dane"
"Sold","2021641","403 Lucille Street","$459,900","Sokoloski's Addition to Verona","Verona WI 53593","$449,900","$440,000","$440,000","3","1","1.5","1","1","1,744","0","1,744","0608-164-1380-4","0.28","16","Verona","Verona","2025","16","4/24/2026","5/10/2026","12/31/2026","6/5/2026","371,900","$252.29","252.29","No","53593","1984","Arms Length","Conventional","Verona","$252.29","No","Dane"
"Sold","2022830","1762 Star Light Drive","$444,657","ARDENT GLEN","Verona WI 53593","$444,657","$444,657","$444,657","2","2","2.5","1","2","1,523","0","1,523","0608-054-4212-2","0.09","0","Verona","Verona","2025","0","11/24/2025","11/24/2025","5/8/2026","5/5/2026","0","$291.96","291.96","No","53593","2026","Arms Length","Conventional","Verona","$291.96","No","Dane"
"Sold","2014067","1677 Waverly Way","$444,900","ARDENT GLEN","Verona WI 53593","$444,900","$444,900","$444,900","2","2","2.0","0","2","1,206","0","1,206","0608-081-3046-2","0.10","113","Verona","Verona","2025","113","12/23/2025","4/15/2026","5/28/2026","5/22/2026","7,900","$368.91","368.91","No","53593","2026","Arms Length","Conventional","Verona","$368.91","No","Dane"
"Expired","2012583","402 Matterhorn Drive","$450,000","Matterhorn","Verona WI 53593","$445,000","$445,000",,"3","3","3.0","0","2","1,231","744","1,975","0608-104-3101-2","0.00","197","Verona","Verona","2025","69","11/17/2025",,"2/3/2026",,"349,600",,,,"53593","2006",,,"Verona","$225.32","No","Dane"
"Sold","2006893","875 North Edge Trail","$499,999","Badger Prairie NBHD - 1st Addition","Verona WI 53593","$449,000","$445,000","$445,000","3","3","3.5","1","2","1,776","528","2,304","0608-151-2832-0","0.16","85","Verona","Verona","2025","85","8/18/2025","11/23/2025","2/18/2026","12/23/2025","409,400","$193.14","250.56","No","53593","2002","Arms Length","Conventional","Verona","$193.14","No","Dane"
"Sold","2020624","803 Forest View Drive","$425,000","East View Heights","Verona WI 53593","$425,000","$445,000","$445,000","3","2","2.5","1","2","1,811","0","1,811","0608-232-2424-6","0.26","5","Verona","Verona","2025","5","4/13/2026","4/18/2026","8/31/2026","6/5/2026","416,900","$245.72","245.72","No","53593","1985","Arms Length","Conventional","Verona","$245.72","No","Dane"
"Sold","2020693","1231 Early Twilight Way","$445,000","Woods at Cathedral Point","Verona WI 53593","$445,000","$445,000","$445,000","3","2","2.5","1","2","1,680","0","1,680","0608-262-4496-2","0.09","1","Verona","Verona","2025","1","4/14/2026","4/15/2026","10/14/2026","6/3/2026","423,400","$264.88","264.88","No","53593","2023","Arms Length","Conventional","Verona","$264.88","No","Dane"
"Active","2020932","1688 Star Light Drive","$464,900","Ardent Glen","Verona WI 53593","$449,900","$449,900",,"3","2","2.5","1","2","1,525","0","1,525","0608-081-2969-2","0.08","124","Verona","Verona","2025","124","4/17/2026",,"4/17/2027",,"74,200",,,,"53593","2025",,,"Verona","$295.02","No","Dane"
"Sold","2016137","1083 Siena Drive","$450,000","Cathedral Point","Verona WI 53593","$450,000","$450,000","$450,000","3","3","3.5","1","2","1,492","294","1,786","0608-271-2092-2","0.13","10","Verona","Verona","2025","10","2/3/2026","3/10/2026","12/31/2026","4/24/2026","370,600","$251.96","301.61","No","53593","2017","Arms Length","Conventional","Verona","$251.96","No","Dane"
"Active","2028303","2801 N County Road M","$460,000",,"Verona WI 53593","$450,000","$450,000",,"3","2","2.0","0","1","1,100","502","1,602","0608-103-8460-6","0.86","33","Verona","Verona","2025","33","7/17/2026",,"7/8/2027",,"216,000",,,,"53593","1965",,,"Verona","$280.90","No","Dane"
"Sold","2019300","2118 Shafer Drive","$449,900",,"Fitchburg WI 53711","$449,900","$450,000","$450,000","3","2","2.5","1","2","1,848","234","2,082","0609-052-8770-1","0.35","8","Verona","Verona","2025","8","3/24/2026","4/8/2026","9/24/2026","5/11/2026","518,000","$216.14","243.51","Yes","53711","2001","Arms Length","Conventional","Fitchburg","$216.14","No","Dane"
"Active","2028084","4610 New Freedom Lane","$450,000",,"Fitchburg WI 53711","$450,000","$450,000",,"4","2","2.5","1","2","1,416","500","1,916","0609-052-0732-2","0.11","35","Verona","Verona","2025","35","7/15/2026",,"1/15/2027",,"368,000",,,,"53711","2006",,,"Fitchburg","$234.86","No","Dane"
"Sold","2027388","2872 Osmundsen Road","$450,000",,"Fitchburg WI 53711","$450,000","$450,000","$450,000","3","3","3.5","1","2","2,490","672","3,162","0609-081-6337-5","0.37","9","Verona","Verona","2025","9","5/16/2026","5/25/2026","6/25/2026","6/25/2026","589,800","$142.31","180.72","No","53711","1985","FSBO Comp - Not Listed","Conventional","Fitchburg","$142.31","No","Dane"
"Sold","1999949","1678 Star Light Drive","$464,900","ARDENT GLEN","Verona WI 53593","$454,900","$454,900","$454,900","3","2","2.5","1","2","1,525","0","1,525","0608-081-2980-2","0.09","327","Verona","Verona","2025","327","5/16/2025","4/8/2026","5/12/2026","5/11/2026","74,200","$298.30","298.30","No","53593","2025","Arms Length","Conventional","Verona","$298.30","No","Dane"
"Expired","2023164","2421 Renaissance Drive","$534,800",,"Fitchburg WI 53711","$455,000","$455,000",,"3","3","3.0","0","2","1,135","504","1,639","0609-052-0644-2","0.09","64","Verona","Verona","2025","64","5/12/2026",,"7/15/2026",,"338,700",,,,"53711","2006",,,"Fitchburg","$277.61","Yes","Dane"
"Offer-Show","2025684","2569 Wildcat Drive","$459,000","CRESCENT CROSSING","Fitchburg WI 53711","$459,000","$459,000",,"3","2","2.5","2","2","1,615","530","2,145","0609-083-4023-2","0.06","55","Verona","Verona","2025","55","6/11/2026","6/29/2026","6/11/2027",,"462,500",,,"Yes","53711","2022",,,"Fitchburg","$213.99","No","Dane"
"Sold","2008723","511 Harvest Lane","$469,900","East View Heights","Verona WI 53593","$469,900","$459,900","$459,900","4","3","3.0","0","2","1,191","950","2,141","0608-232-2857-3","0.23","7","Verona","Verona","2025","7","9/14/2025","9/22/2025","1/31/2026","11/18/2025","396,100","$214.81","386.15","No","53593","1989","Arms Length","FHA","Verona","$214.81","No","Dane"
"Offer-Show","2027754","1244 Merry Blossom Lane","$469,900","Woods at Cathedral Point","Verona WI 53593","$459,900","$459,900",,"3","2","2.5","1","2","1,510","0","1,510","0608-262-4606-2","0.09","40","Verona","Verona","2025","40","7/10/2026","8/12/2026","2/10/2027",,"398,400",,,"No","53593","2023",,,"Verona","$304.57","No","Dane"
"Sold","2005831","1773 Borchert Road","$495,000",,"Verona WI 53593","$495,000","$460,000","$460,000","3","1","1.0","0","2","1,092","90","1,182","0608-361-9840-2","1.00","36","Verona","Verona","2025","36","8/2/2025","9/7/2025","2/2/2026","10/3/2025","268,500","$389.17","421.25","No","53593","1969","Arms Length","Conventional","Verona","$389.17","No","Dane"
"Sold","2008625","2657 Placid Street","$435,000","Wildwood South","Fitchburg WI 53711","$435,000","$460,000","$460,000","3","2","2.0","0","2","1,020","840","1,860","0609-161-3298-2","0.25","5","Verona","Verona","2024","5","9/10/2025","9/27/2025","3/10/2026","11/14/2025","375,100","$247.31","450.98","Yes","53711","1977","Arms Length","Conventional","Fitchburg","$247.31","No","Dane"
"Delayed","2030669","3012 Arapaho Drive","$465,000",,"Fitchburg WI 53719","$465,000","$465,000",,"3","2","2.5","1","2","1,404","600","2,004","0609-053-7512-4","0.24","4","Verona","Verona","2026","4","8/13/2026",,"2/13/2027",,"431,500",,,,"53719","1997",,,"Fitchburg","$232.04","No","Dane"
"Sold","2002809","2616 Richardson Street","$500,000","Wildwood","Fitchburg WI 53711","$500,000","$465,000","$465,000","3","2","2.5","1","2","2,176","470","2,646","0609-162-6115-5","0.34","18","Verona","Verona","2024","18","6/23/2025","8/31/2025","12/31/2025","9/16/2025","450,700","$175.74","213.69","No","53711","1980","Arms Length","Conventional","Fitchburg","$175.74","No","Dane"
"Sold","2011936","401 Lone Pine Way","$489,900",,"Verona WI 53593-8308","$489,900","$465,000","$465,000","3","3","3.5","1","2","1,792","800","2,592","0608-103-4331-2","0.24","5","Verona","Verona","2024","5","9/26/2025","10/1/2025","10/3/2025","10/31/2025","505,200","$179.40","259.49","No","53593-8308","2002","Arms Length","Cash","Verona","$179.40","No","Dane"
"Sold","2017587","2567 Petersburg Circle","$425,000","Jamestown","Fitchburg WI 53719","$425,000","$467,000","$467,000","3","2","2.5","1","2","1,960","0","1,960","0609-063-3297-2","0.20","5","Verona","Verona","2025","5","3/3/2026","3/8/2026","2/25/2027","4/16/2026","413,100","$238.27","238.27","Yes","53719","1983","Arms Length","Conventional","Fitchburg","$238.27","No","Dane"
"Sold","2020654","1756 Star Light Drive","$467,797","Ardent Glen","Verona WI 53593","$467,797","$467,797","$467,797","3","2","2.5","1","2","1,670","0","1,670","0608-054-4223-2","0.08","0","Verona","Verona","2025","0","11/11/2025","11/11/2025","4/14/2026","4/10/2026","0","$280.12","280.12","No","53593","2026","Arms Length","Conventional","Verona","$280.12","No","Dane"
"Sold","2021517","1598 Star Light Drive","$467,900","ARDENT GLEN","Verona WI 53593","$467,900","$467,900","$467,900","3","2","2.5","1","2","1,525","0","1,525","0608-081-2067-2","0.08","48","Verona","Verona","2025","48","4/23/2026","6/10/2026","7/14/2026","7/13/2026","71,000","$306.82","306.82","No","53593","2025","Arms Length","Cash","Verona","$306.82","No","Dane"
"Sold","2014666","5758 Modernaire Street","$449,900","Wildwood South","Fitchburg WI 53711","$449,900","$468,500","$468,500","3","2","2.0","0","2","1,628","0","1,628","0609-162-4190-8","0.38","1","Verona","Verona","2025","1","1/10/2026","1/22/2026","1/9/2027","2/20/2026","419,600","$287.78","287.78","Yes","53711","1987","Arms Length","Cash","Fitchburg","$287.78","No","Dane"
"Active","2030705","10 Maple View Court","$469,900",,"Madison WI 53719","$469,900","$469,900",,"4","3","3.0","0","2","1,364","1,019","2,383","060801312327","0.26","6","Verona","Verona","2026","6","8/13/2026",,"8/13/2027",,"487,800",,,,"53719","1988",,,"Madison","$197.19","No","Dane"
"Sold","2013385","1239 Early Twilight Way","$469,900","Woods at Cathedral Point","Verona WI 53593","$469,900","$469,900","$469,900","3","2","2.0","0","2","1,503","0","1,503","0608-262-4485-2","0.10","73","Verona","Verona","2025","73","12/4/2025","2/15/2026","5/31/2026","3/17/2026","427,100","$312.64","312.64","No","53593","2023","Arms Length","Conventional","Verona","$312.64","No","Dane"
"Sold","2017282","532 Goldenrod Circle","$465,000","East View Heights","Verona WI 53593","$465,000","$470,000","$470,000","3","2","2.0","0","2","1,236","850","2,086","0608-232-6239-3","0.16","6","Verona","Verona","2025","6","2/26/2026","3/9/2026","12/31/2026","4/7/2026","458,700","$225.31","380.26","Yes","53593","2000","Arms Length","Cash","Verona","$225.31","No","Dane"
"Sold","2019812","4526 Pawnee Pass","$435,000","Belmar","Fitchburg WI 53711","$435,000","$470,000","$470,000","4","2","2.0","0","2","1,338","518","1,856","0609-051-2764-2","0.22","4","Verona","Verona","2025","4","4/2/2026","4/6/2026","10/2/2026","4/28/2026","362,600","$253.23","351.27","No","53711","1969","Arms Length","Conventional","Fitchburg","$253.23","No","Dane"
"Sold","2021662","2613 Cochise Trail","$449,900",,"Fitchburg WI 53711","$449,900","$472,200","$472,200","4","2","2.0","0","2","1,152","576","1,728","0609-051-3300-0","0.33","15","Verona","Verona","2025","15","4/24/2026","5/9/2026","10/24/2026","5/29/2026","384,700","$273.26","409.90","Yes","53711","1987","Arms Length","Cash","Fitchburg","$273.26","Yes","Dane"
"Sold","2018955","1 Scranton Court","$460,000","Meadowood - Prairie Hills Addition","Madison WI 53719","$460,000","$473,000","$473,000","4","2","2.0","0","2","1,104","766","1,870","0608-014-1106-2","0.23","5","Verona","Verona","2026","5","3/19/2026","4/20/2026","8/19/2026","5/21/2026","491,200","$252.94","428.44","No","53719","1991","Arms Length","Conventional","Madison","$252.94","No","Dane"
"Sold","2020383","1710 Star Light Drive","$474,900","ARDENT GLEN","Verona WI 53593","$474,900","$474,900","$474,900","3","2","2.5","1","2","1,528","0","1,528","0608-054-4278-2","0.09","51","Verona","Verona","2025","51","4/10/2026","5/31/2026","6/30/2026","6/26/2026","0","$310.80","310.80","No","53593","2026","Arms Length","Cash","Verona","$310.80","No","Dane"
"Sold","2011323","1672 Star Light Drive","$484,900","Ardent Glen","Verona WI 53593","$474,900","$474,900","$474,900","3","2","2.5","1","2","1,541","0","1,541","0608-081-2991-2","0.10","165","Verona","Verona","2025","165","10/24/2025","4/7/2026","5/29/2026","5/27/2026","81,900","$308.18","308.18","No","53593","2025","Arms Length","Conventional","Verona","$308.18","No","Dane"
"Expired","2004851","6097 Pinion Pine Way","$475,000","Pine Ridge","Fitchburg WI 53719","$475,000","$475,000",,"3","2","2.5","1","2","1,158","960","2,118","0609-053-7841-6","0.19","66","Verona","Verona","2024","66","7/17/2025",,"7/16/2026",,"393,500",,,,"53719","1998",,,"Fitchburg","$224.27","No","Dane"
"Sold","2020865","701 Forest View Drive","$495,000","East View Heights","Verona WI 53593","$495,000","$475,000","$475,000","3","2","2.0","0","2","1,486","320","1,806","0608-232-2578-1","0.31","14","Verona","Verona","2025","14","4/16/2026","4/30/2026","10/16/2026","5/21/2026","364,600","$263.01","319.65","No","53593","1985","Arms Length","Conventional","Verona","$263.01","Yes","Dane"
"Sold","2006697","9 Newport Circle","$545,000","Prairie Hills","Madison WI 53719","$499,000","$475,000","$475,000","4","2","2.5","1","2","1,972","440","2,412","060801404314","0.27","99","Verona","Verona","2025","99","8/15/2025","12/11/2025","1/31/2026","1/15/2026","512,200","$196.93","240.87","No","53719","1990","Arms Length","Conventional","Madison","$196.93","No","Dane"
"Sold","2024720","2809 Maple View Drive","$459,900","Maple Grove","Madison WI 53719-1542","$459,900","$477,000","$477,000","3","2","2.0","0","2","1,472","0","1,472","060801313078","0.24","4","Verona","Verona","2025","4","6/1/2026","6/5/2026","12/1/2026","7/9/2026","418,700","$324.05","324.05","Yes","53719-1542","1988","Arms Length","Conventional","Madison","$324.05","No","Dane"
"Active","2028245","1734 Star Light Drive","$477,900","ARDENT GLEN","Verona WI 53593","$477,900","$477,900",,"3","2","2.5","1","2","1,528","0","1,528","0608-054-4245-2","0.07","34","Verona","Verona","2026","34","7/16/2026",,"7/16/2027",,"68,600",,,,"53593","2026",,,"Verona","$312.76","No","Dane"
"Sold","2018433","534 Goldenrod Circle","$479,900",,"Verona WI 53593","$479,900","$479,900","$479,900","3","2","2.5","1","2","1,195","1,093","2,288","0608-232-6250-8","0.14","7","Verona","Verona","2025","7","3/13/2026","3/20/2026","9/13/2026","5/22/2026","399,900","$209.75","401.59","Yes","53593","2000","Arms Length","Conventional","Verona","$209.75","No","Dane"
"Active","2027242","1774 Innovation Lane","$479,900","Ardent Glen","Verona WI 53593","$479,900","$479,900",,"3","2","2.5","1","2","1,615","0","1,615","0608-081-2914-2","0.07","48","Verona","Verona","2026","48","7/2/2026",,"7/2/2027",,"68,900",,,,"53593","2026",,,"Verona","$297.15","No","Dane"
"Sold","MM1965405","650 Grace Street","$470,000","Cross County Heights","Verona WI 53593","$470,000","$480,000","$480,000","3","2","2.5","1","2","1,508",,"1,908","286060816400210","0.32","3","Verona","Call School District",,"3","6/2/2026","6/13/2026","1/1/2079","7/17/2026",,"$251.57","318.30",,"53593","1987",,"Conventional","Verona","$251.57","No","Dane"
"Sold","1999953","1564 Star Light Drive","$494,900","ARDENT GLEN","Verona WI 53593","$484,900","$484,900","$484,900","3","2","2.5","1","2","1,615","0","1,615","0608-081-2100-2","0.12","269","Verona","Verona","2025","269","5/16/2025","2/9/2026","4/14/2026","4/10/2026","86,100","$300.25","300.25","No","53593","2025","Arms Length","Conventional","Verona","$300.25","No","Dane"
"Sold","2000932","1610 Star Light Drive","$484,900","Ardent Glen","Verona WI 53593","$484,900","$484,900","$484,900","3","2","2.5","1","2","1,526","0","1,526","0608-081-2056-2","0.08","144","Verona","Verona","2025","144","5/29/2025","10/20/2025","11/10/2025","11/4/2025","76,000","$317.76","317.76","No","53593","2025","Arms Length","Cash","Verona","$317.76","No","Dane"
"Offer-No Show","2026383","2928 Maple Run Drive","$500,000",,"Madison WI 53719","$485,000","$485,000",,"3","2","2.5","1","2","1,580","586","2,166","0608-013-1128-8","0.27","37","Verona","Verona","2026","37","6/20/2026","7/27/2026","12/20/2026",,"491,900",,,"No","53719","1992",,,"Madison","$223.92","No","Dane"
"Sold","2017586","571 S Hillcrest Drive","$549,900","East View Heights","Verona WI 53593","$524,900","$485,000","$485,000","5","2","2.5","1","2","2,438","858","3,296","0608-221-6375-1","0.37","48","Verona","Verona","2025","48","3/1/2026","4/18/2026","8/31/2026","5/15/2026","570,000","$147.15","198.93","No","53593","1976","Arms Length","Cash","Verona","$147.15","No","Dane"
"Sold","2020000","6282 Stone Gate Drive","$485,000","Quarry Vista","Madison WI 53719","$485,000","$485,000","$485,000","3","2","2.0","0","2","1,834","0","1,834","0609-182-2969-2","0.10","11","Verona","Verona","2025","11","4/2/2026","4/13/2026","10/31/2026","6/4/2026","489,200","$264.45","264.45","Yes","53719","2020","Arms Length","Conventional","Madison","$264.45","No","Dane"
"Sold","2016408","5654 Pennwall Street","$549,900","Wildwood South","Fitchburg WI 53711-5421","$524,900","$487,670","$487,670","3","2","2.5","1","2","2,416","480","2,896","0609-161-3100-9","0.28","47","Verona","Verona","2025","47","2/12/2026","3/31/2026","6/12/2026","5/1/2026","454,200","$168.39","201.85","No","53711-5421","1979","Arms Length","Conventional","Fitchburg","$168.39","No","Dane"
"Sold","2019407","1691 Waverly Way","$488,651","ARDENT GLEN","Verona WI 53593","$488,651","$488,651","$488,651","3","2","2.5","1","2","1,860","0","1,860","0608-081-3079-2","0.09","0","Verona","Verona","2025","0","10/28/2025","10/28/2025","3/26/2026","3/26/2026","7,800","$262.72","262.72","No","53593","2026","Arms Length","Conventional","Verona","$262.72","No","Dane"
"Sold","2017136","1544 Star Light Drive","$489,900","ARDENT GLEN","Verona WI 53593","$489,900","$489,900","$489,900","3","2","2.5","1","2","1,615","0","1,615","0608-081-2111-2","0.11","72","Verona","Verona","2025","72","2/24/2026","5/7/2026","6/22/2026","6/18/2026","85,200","$303.34","303.34","No","53593","2026","Arms Length","Conventional","Verona","$303.34","No","Dane"
"Sold","2020330","1671 Waverly Way","$489,900","ARDENT GLEN","Verona WI 53593","$489,900","$489,900","$489,900","3","2","2.5","1","2","1,517","0","1,517","0608-081-3035-2","0.09","55","Verona","Verona","2025","55","4/9/2026","6/3/2026","7/2/2026","7/2/2026","7,900","$322.94","322.94","No","53593","2026","Arms Length","Conventional","Verona","$322.94","No","Dane"
"Sold","2007541","5882 Roanoke Drive","$499,900","Jamestown","Fitchburg WI 53719","$499,900","$490,000","$490,000","3","2","2.5","1","2","2,268","478","2,746","0609-063-2774-6","0.20","5","Verona","Verona","2025","5","8/27/2025","9/15/2025","2/28/2026","10/17/2025","491,900","$178.44","216.05","No","53719","1986","Arms Length","Conventional","Fitchburg","$178.44","No","Dane"
"Sold","2024904","5838 Roanoke Drive","$500,000","Jamestown","Fitchburg WI 53719","$500,000","$494,300","$494,300","3","2","2.5","1","2","2,117","428","2,545","0609-063-2895-0","0.23","19","Verona","Verona","2025","19","6/3/2026","6/22/2026","9/3/2026","7/24/2026","496,600","$194.22","233.49","No","53719","1984","Arms Length","Conventional","Fitchburg","$194.22","No","Dane"
"Sold","2012465","1687 Waverly Way","$494,900","Ardent Glen","Verona WI 53593","$494,900","$494,900","$494,900","3","2","2.5","1","2","1,811","0","1,811","0608-081-3068-2","0.09","89","Verona","Verona","2025","89","11/13/2025","2/10/2026","3/17/2026","3/13/2026","7,800","$273.27","273.27","No","53593","2026","Arms Length","Conventional","Verona","$273.27","No","Dane"
"Expired","2028848","102 Miller Street","$495,000",,"Verona WI 53593-1225","$495,000","$495,000",,"3","1","1.5","1","2","1,793","0","1,793","0608-153-1489-7","0.41","18","Verona","Verona","2025","18","7/24/2026",,"8/11/2026",,"374,500",,,,"53593-1225","1950",,,"Verona","$276.07","No","Dane"
"Sold","2008882","1120 Hemlock Drive","$495,000","Kettle Creek","Verona WI 53593","$495,000","$495,000","$495,000","4","3","3.5","1","2","1,340","684","2,024","0608-103-4782-2","0.20","29","Verona","Verona","2024","29","9/16/2025","10/24/2025","8/16/2026","11/24/2025","432,100","$244.57","369.40","No","53593","2001","Arms Length","Conventional","Verona","$244.57","No","Dane"
"Sold","2014397","652 Birch Court","$495,000","Cross Country Heights","Verona WI 53593","$495,000","$495,000","$495,000","4","2","2.5","1","2","2,106","0","2,106","0608-161-6089-1","0.26","5","Verona","Verona","2025","5","1/6/2026","1/11/2026","7/5/2026","2/23/2026","440,700","$235.04","235.04","No","53593","1985","Arms Length","Conventional","Verona","$235.04","No","Dane"
"Delayed","2027556","440 Aspen Court","$499,900","Cross Country Heights","Verona WI 53593","$499,900","$499,900",,"4","2","2.5","1","2","2,238","0","2,238","0608-161-7027-3","0.27","0","Verona","Verona","2026","0","7/8/2026",,"12/31/2026",,"506,000",,,,"53593","1988",,,"Verona","$223.37","No","Dane"
"Active","2025678","1715 Waverly Way","$499,900","ARDENT GLEN","Verona WI 53593","$499,900","$499,900",,"3","2","2.5","1","2","1,678","0","1,678","0608-054-4289-2","0.10","69","Verona","Verona","2026","69","6/11/2026",,"6/11/2027",,"0",,,,"53593","2026",,,"Verona","$297.91","No","Dane"
"Expired","2011740","5824 Osmundsen Court","$499,900","Seminole Forest","Fitchburg WI 53711","$499,900","$499,900",,"3","3","3.0","0","2","2,423","993","3,416","0609-081-6491-8","0.39","42","Verona","Verona","2024","34","10/31/2025",,"12/4/2025",,"486,500",,,,"53711","1986",,,"Fitchburg","$146.34","No","Dane"
"Sold","2013112","1701 Waverly Way","$499,900","ARDENT GLEN","Verona WI 53593","$499,900","$499,900","$499,900","3","2","2.0","0","2","1,511","0","1,511","0608-081-3090-2","0.10","155","Verona","Verona","2025","155","11/26/2025","4/30/2026","6/30/2026","6/29/2026","8,300","$330.84","330.84","No","53593","2026","Arms Length","Conventional","Verona","$330.84","No","Dane"
"Expired","2009836","5824 Osmundsen Court","$499,900","Seminole Forest","Fitchburg WI 53711","$499,900","$499,900",,"3","3","3.0","0","2","2,423","993","3,416","0609-081-6491-8","0.39","8","Verona","Verona","2025","8","10/1/2025",,"10/31/2025",,"566,800",,,,"53711","1986",,,"Fitchburg","$146.34","No","Dane"
"Sold","1991306","1641 Eagle Eye Street","$539,900","Ardent Glen","Verona WI 53593","$499,900","$499,900","$499,900","3","2","2.5","1","2","1,660","0","1,660","0608-081-2672-2","0.16","279","Verona","Verona","2024","279","1/3/2025","10/9/2025","12/3/2025","12/1/2025","24,100","$301.14","301.14","No","53593","2025","Arms Length","Conventional","Verona","$301.14","No","Dane"
"Expired","2004727","571 S Hillcrest Drive","$599,900","East View Heights","Verona WI 53593","$499,900","$499,900",,"5","2","2.5","1","2","2,438","858","3,296","0608-221-6375-1","0.37","129","Verona","Verona","2024","129","7/18/2025",,"12/7/2025",,"541,300",,,,"53593","1976",,,"Verona","$151.67","No","Dane"
"Sold","2005162","1668 Star Light Drive","$499,900","Ardent Glen","Verona WI 53593","$499,900","$499,900","$499,900","3","2","2.5","1","2","1,670","0","1,670","0608-081-3002-2","0.10","228","Verona","Verona","2025","228","7/24/2025","3/9/2026","5/4/2026","4/28/2026","81,900","$299.34","299.34","No","53593","2025","Arms Length","Cash","Verona","$299.34","No","Dane"
"Active","2026419","420 Melody Lane","$539,900","Palmer's Addition","Verona WI 53593","$499,999","$499,999",,"3","2","2.5","2","2","1,600","518","2,028","0608-221-4166-8","0.38","58","Verona","Verona","2025","58","6/22/2026",,"12/31/2026",,"394,500",,,,"53593","1976",,,"Verona","$246.55","No","Dane"
"Sold","MM1961451","409 S Jefferson Street","$499,900",,"Verona WI 53593","$499,900","$500,000","$500,000","5","3","3.0","0","1","1,628","985","2,600","286060822132169","0.33","14","Verona","Call School District",,"14","5/7/2026","5/27/2026","1/1/2079","6/22/2026",,"$192.31","307.13",,"53593","1968",,"Conventional","Verona","$192.31","No","Dane"
"Sold","2019843","217 Gilman Street","$479,900",,"Verona WI 53593","$479,900","$500,000","$500,000","4","2","2.0","0","2","2,140","0","2,140","060815158717","0.23","8","Verona","Verona","2025","8","3/30/2026","4/7/2026","6/30/2026","5/8/2026","337,800","$233.64","233.64","No","53593","1959","Arms Length","Conventional","Verona","$233.64","No","Dane"
"Sold","2014815","1 Maple View Court","$499,900",,"Madison WI 53719","$499,900","$500,000","$500,000","3","2","2.5","1","2","1,663","1,313","2,976","0608-013-1244-2","0.33","9","Verona","Verona","2024","9","1/13/2026","1/22/2026","9/13/2026","3/27/2026","475,800","$168.01","300.66","No","53719","1989","Arms Length","Conventional","Madison","$168.01","No","Dane"
"Sold","2007102","1252 Merry Blossom Lane","$540,000","Woods at Cathedral Point","Verona WI 53593","$510,000","$502,300","$502,300","3","2","2.5","1","2","1,812","0","1,812","0608-262-4628-2","0.10","25","Verona","Verona","2024","25","8/21/2025","9/15/2025","12/31/2025","10/28/2025","456,900","$277.21","277.21","No","53593","2023","Arms Length","Conventional","Verona","$277.21","No","Dane"
"Sold","2017946","1683 Waverly Way","$504,529","ARDENT GLEN","Verona WI 53593","$504,529","$504,529","$504,529","3","2","2.5","1","2","1,533","0","1,533","0608-081-3057-2","0.09","0","Verona","Verona","2025","0","10/1/2025","10/1/2025","3/6/2026","3/3/2026","7,800","$329.11","329.11","No","53593","2026","Arms Length","Conventional","Verona","$329.11","No","Dane"
"Offer-No Show","2025677","1735 Waverly Way","$504,900","ARDENT GLEN","Verona WI 53593","$504,900","$504,900",,"3","2","2.5","1","2","1,812","0","1,812","0608-054-4300-2","0.08","29","Verona","Verona","2026","29","6/11/2026","7/10/2026","6/11/2027",,"0",,,"No","53593","2026",,,"Verona","$278.64","No","Dane"
"Sold","2018261","2917 Prairie Road","$500,000","Prairie Hills","Madison WI 53719","$500,000","$505,000","$505,000","3","2","2.5","1","2","1,934","0","1,934","0608-014-1231-7","0.25","6","Verona","Verona","2025","6","3/12/2026","4/14/2026","9/4/2026","5/29/2026","455,800","$261.12","261.12","Yes","53719","1991","Arms Length","Conventional","Madison","$261.12","No","Dane"
"Sold","2015682","1703 Waverly Way","$509,900","ARDENT GLEN","Verona WI 53593","$509,900","$509,900","$509,900","3","2","2.5","1","2","1,836","0","1,836","0608-081-3101-2","0.10","27","Verona","Verona","2025","27","1/29/2026","2/25/2026","4/21/2026","4/17/2026","8,300","$277.72","277.72","No","53593","2026","Arms Length","Conventional","Verona","$277.72","No","Dane"
"Sold","2022831","1785 Waverly Way","$510,523","ARDENT GLEN","Verona WI 53593","$510,523","$510,523","$510,523","3","2","2.5","1","2","1,860","0","1,860","0608-054-4344-2","0.11","0","Verona","Verona","2025","0","11/25/2025","11/25/2025","5/8/2026","5/6/2026","0","$274.47","274.47","No","53593","2026","Arms Length","Conventional","Verona","$274.47","No","Dane"
"Sold","2017908","6286 Stone Gate Drive","$485,000","Quarry Vista, 2nd Add","Madison WI 53719","$485,000","$515,000","$515,000","3","2","2.0","0","2","1,847","0","1,847","0609-182-2991-2","0.10","19","Verona","Verona","2025","19","3/6/2026","3/30/2026","9/6/2026","4/24/2026","483,400","$278.83","278.83","Yes","53719","2019","Arms Length","Conventional","Madison","$278.83","No","Dane"
"Sold","2017085","1208 Merry Blossom Lane","$550,000","Woods at Cathedral Point","Verona WI 53593","$550,000","$520,000","$520,000","4","2","2.5","1","2","2,057","0","2,057","0608-262-4551-2","0.11","16","Verona","Verona","2025","16","2/24/2026","3/12/2026","2/24/2027","4/8/2026","483,200","$252.80","252.80","No","53593","2022","Arms Length","Conventional","Verona","$252.80","No","Dane"
"Sold","NE50325129","9332 HARVEST MOON Lane","$529,900",,"Verona WI 53593","$529,900","$521,000","$521,000","3","2","3.0","1","2","1,589","800","2,389","070828111066","0.16","73","Verona","Memorial",,"73","5/8/2026","7/20/2026","1/1/2079","7/20/2026",,"$218.08","327.88",,"53593","2014","Arms Length","Conventional","Verona","$218.08","No","Dane"
"Offer-Show","2026656","6473 Sunset Drive","$525,000",,"Verona WI 53593","$525,000","$525,000",,"4","2","2.5","1","2","3,090","0","3,090","0608-363-8000-8","1.00","56","Verona","Verona","2025","56","6/24/2026","7/30/2026","11/27/2026",,"341,000",,,,"53593","1964",,,"Verona","$169.90","No","Dane"
"Sold","2027861","806 Tamarack Way","$525,000","Cross Country Heights","Verona WI 53593","$525,000","$525,000","$525,000","3","3","3.5","1","2","2,472","0","2,472","0608-161-0306-9","0.37","0","Verona","Verona","2025","0","5/22/2026","5/22/2026","6/24/2026","6/24/2026","628,800","$212.38","212.38","No","53593","1986","Arms Length","Cash","Verona","$212.38","No","Dane"
"Sold","2027417","300 S Shuman Street","$489,900","Donkles","Verona WI 53593","$489,900","$525,000","$525,000","3","2","2.5","1","2","1,344","536","1,880","0608-153-7197-8","0.20","6","Verona","Verona","2025","6","7/6/2026","7/14/2026","7/6/2027","7/27/2026","384,900","$279.26","390.63","Yes","53593","1926","Arms Length","Conventional","Verona","$279.26","No","Dane"
"Sold","2023022","675 Grace Street","$499,900","Cross Country Heights","Verona WI 53593","$499,900","$525,000","$525,000","4","2","2.5","1","2","1,255","785","2,040","0608-164-0315-5","0.23","5","Verona","Verona","2025","5","5/12/2026","5/23/2026","4/14/2027","6/18/2026","417,100","$257.35","418.33","Yes","53593","1987","Arms Length","Conventional","Verona","$257.35","No","Dane"
"Sold","2014235","2925 Maple Run Drive","$524,900","RES","Madison WI 53719","$524,900","$525,000","$525,000","3","2","2.5","1","2","1,739","528","2,267","0608-013-1507-4","0.22","5","Verona","Verona","2025","5","1/2/2026","1/19/2026","1/2/2027","2/27/2026","477,800","$231.58","301.90","No","53719","1991","Arms Length","Conventional","Madison","$231.58","No","Dane"
"Sold","2018868","1096 Wild Willow Way","$539,900","Woods at Cathedral Point","Verona WI 53593","$539,900","$527,000","$527,000","3","2","2.5","1","2","1,958","0","1,958","060826223752","0.11","29","Verona","Verona","2025","29","3/19/2026","4/17/2026","3/19/2027","6/1/2026","514,100","$269.15","269.15","No","53593","2021","Arms Length","Conventional","Verona","$269.15","No","Dane"
"Sold","2001557","480 Linden Street","$549,000","CROSS COUNTRY HEIGHTS","Verona WI 53593","$549,000","$530,000","$530,000","3","2","2.5","1","2","2,543","0","2,543","0608-152-5495-2","0.23","37","Verona","Verona","2024","37","6/6/2025","10/2/2025","12/31/2025","10/23/2025","529,500","$208.42","208.42","No","53593","1991","Arms Length","Conventional","Verona","$208.42","No","Dane"
"Sold","2024081","705 Poplar Way","$564,900","Cross Country Heights","Verona WI 53593","$549,900","$535,000","$535,000","3","2","2.5","1","2","1,736","600","2,336","0608-161-0968-9","0.23","25","Verona","Verona","2025","25","5/22/2026","6/20/2026","11/22/2026","7/13/2026","414,800","$229.02","308.18","No","53593","1987","Arms Length","Conventional","Verona","$229.02","No","Dane"
"Sold","2009674","2945 Maple Run Drive","$560,000","Maple Grove","Madison WI 53719","$560,000","$545,000","$545,000","4","3","3.5","1","2","2,082","756","2,838","0608-013-1503-2","0.30","12","Verona","Verona","2024","12","9/25/2025","10/20/2025","3/31/2026","12/5/2025","530,900","$192.04","261.77","No","53719","1990","Arms Length","Conventional","Madison","$192.04","No","Dane"
"Sold","2006012","470 Lucerne Drive","$550,000","Harmony Hills","Verona WI 53593","$550,000","$547,000","$547,000","4","3","3.0","0","2","1,324","1,071","2,395","0608-104-2323-2","0.16","28","Verona","Verona","2024","28","8/5/2025","9/15/2025","1/26/2026","11/25/2025","407,800","$228.39","413.14","No","53593","2004","Arms Length","Conventional","Verona","$228.39","No","Dane"
"Sold","2021564","811 Cheshire Castle Way","$549,900","Hawthorne Hills","Verona WI 53593","$549,900","$549,900","$549,900","3","3","3.5","1","2","1,596","506","2,102","0608-233-6369-2","0.21","2","Verona","Verona","2025","2","4/24/2026","4/26/2026","4/24/2027","6/17/2026","426,600","$261.61","344.55","No","53593","2010","Arms Length","Conventional","Verona","$261.61","No","Dane"
"Delayed","2029925","916 Forest View Drive","$550,000","Military Ridge","Verona WI 53593","$550,000","$550,000",,"3","3","3.0","0","2","1,534","1,194","2,728","0608-232-0386-7","0.24","3","Verona","Verona","2025","3","8/4/2026",,"8/4/2027",,"480,200",,,,"53593","1998",,,"Verona","$201.61","No","Dane"
"Sold","2024971","7223 Cross Country Road","$525,000",,"Verona WI 53593","$525,000","$550,000","$550,000","3","2","2.0","0","3","1,853","0","1,853","0608-161-8550-7","1.12","1","Verona","Verona","2025","1","6/3/2026","6/16/2026","12/3/2026","7/24/2026","297,500","$296.82","296.82","No","53593","1976","Arms Length","Cash","Verona","$296.82","No","Dane"
"Sold","2011728","726 Basswood Avenue","$550,000","Cross Country Heights","Verona WI 53593","$550,000","$550,000","$550,000","4","2","2.5","1","2","2,184","444","2,628","0608-161-6585-0","0.35","86","Verona","Verona","2024","86","10/31/2025","1/25/2026","10/31/2026","2/27/2026","475,100","$209.28","251.83","No","53593","1988","Arms Length","Conventional","Verona","$209.28","No","Dane"
"Sold","2009534","921 Jenna Drive","$585,000","Westridge Estates","Verona WI 53593","$585,000","$550,000","$550,000","4","3","3.5","1","2","2,260","675","2,935","0608-163-2923-2","0.25","63","Verona","Verona","2025","14","9/25/2025","10/9/2025","3/25/2026","11/11/2025","603,900","$187.39","243.36","No","53593","2007","Arms Length","Conventional","Verona","$187.39","No","Dane"
"Sold","2030209","1748 Paradise Way","$553,763","ARDENT GLEN","Verona WI 53593","$553,763","$553,763","$553,763","3","2","2.5","1","2","1,811","0","1,811","0608-054-4476-2","0.10","0","Verona","Verona","2026","0","3/10/2026","3/10/2026","8/11/2026","8/7/2026","86,400","$305.78","305.78","No","53593","2026","Arms Length","Conventional","Verona","$305.78","No","Dane"
"Sold","2014491","306 N Nine Mound Road","$499,900","Thompson Heights","Verona WI 53593","$499,900","$555,000","$555,000","4","3","3.0","0","3","1,566","558","2,124","0608-164-2398-2","0.33","3","Verona","Verona","2025","3","1/7/2026","1/11/2026","7/7/2026","2/13/2026","451,500","$261.30","354.41","Yes","53593","1988","Arms Length","Conventional","Verona","$261.30","No","Dane"
"Sold","MM1950102","1049 Magic Meadow Court","$569,000",,"Verona WI 53593","$569,000","$555,000","$555,000","4","2","2.5","1","2",,,"2,056","286060827106952","0.19","3","Verona","Call School District",,"3","2/11/2026","2/15/2026","1/1/2079","3/16/2026",,"$269.94",,,"53593","2020","Arms Length","Conventional","Verona","$269.94","No","Dane"
"Sold","2007194","815 Maple Road","$560,000","Cross Country","Verona WI 53593","$560,000","$556,000","$556,000","3","3","3.5","1","2","1,937","689","2,627","0608-161-0042-8","0.24","5","Verona","Verona","2024","5","8/20/2025","9/7/2025","12/31/2025","10/17/2025","471,800","$211.65","287.04","No","53593","1987","Arms Length","Conventional","Verona","$211.65","No","Dane"
"Expired","2006980","1208 Merry Blossom Lane","$575,000","Woods at Cathedral Point","Verona WI 53593","$560,000","$560,000",,"4","2","2.5","1","2","2,057","0","2,057","0608-262-4551-2","0.11","117","Verona","Verona","2024","117","8/20/2025",,"2/24/2026",,"483,200",,,,"53593","2022",,,"Verona","$272.24","No","Dane"
"Sold","2006445","839 Questa Ridge Trail","$565,000","Military Ridge","Verona WI 53593","$565,000","$560,000","$560,000","4","2","2.5","1","2","2,048","0","2,048","0608-232-1083-1","0.25","4","Verona","Verona","2025","4","8/11/2025","8/24/2025","2/10/2026","10/6/2025","462,400","$273.44","273.44","No","53593","1999","Arms Length","Cash","Verona","$273.44","No","Dane"
"Sold","2006609","818 Maple Road","$585,000","Cross Country Heights","Verona WI 53593","$575,000","$560,000","$560,000","5","2","2.5","1","2","2,298","816","3,114","0608-161-0715-4","0.35","46","Verona","Verona","2025","46","8/13/2025","10/6/2025","12/31/2025","11/12/2025","490,400","$179.83","243.69","No","53593","1984","Arms Length","Conventional","Verona","$179.83","No","Dane"
"Sold","2013146","835 Ridge Crest Lane","$560,000","Westridge","Verona WI 53593","$560,000","$560,000","$560,000","3","3","3.5","1","2","1,959","414","2,373","0608-163-6823-9","0.25","2","Verona","Verona","2024","2","11/28/2025","12/6/2025","5/28/2026","1/23/2026","539,800","$235.99","285.86","No","53593","2001","Arms Length","FHA","Verona","$235.99","No","Dane"
"Offer-Show","2021815","550 Harper Drive","$575,000","East View Heights","Verona WI 53593","$565,000","$565,000",,"5","3","3.5","1","2","1,944","700","2,644","0608-232-4997-0","0.27","70","Verona","Verona","2025","70","4/28/2026","8/10/2026","12/10/2026",,"427,700",,,"No","53593","1990",,,"Verona","$213.69","No","Dane"
"Sold","1991898","2528 Spring Rose Road","$899,900",,"Verona WI 53593","$749,900","$565,000","$565,000","4","2","2.0","0","2","2,671","0","2,671","0608-183-8690-0","2.04","222","Verona","Verona","2024","222","1/16/2025","8/26/2025","10/20/2025","10/15/2025","469,000","$211.53","211.53","No","53593","1905","Arms Length","Conventional","Verona","$211.53","No","Dane"
"Sold","2030780","1700 Waverly Way","$571,069","ARDENT GLEN","Verona WI 53593","$571,069","$571,069","$571,069","3","2","2.0","0","2","1,577","0","1,577","0608-081-2859-2","0.19","0","Verona","Verona","2026","0","3/11/2026","3/11/2026","8/18/2026","8/17/2026","107,000","$362.12","362.12","No","53593","2026","Arms Length","Conventional","Verona","$362.12","No","Dane"
"Active","2022462","2941 Maple Run Drive","$589,000","Maple Grove","Madison WI 53719","$574,900","$574,900",,"4","2","2.5","2","2","2,190","525","2,715","0608-013-1504-0","0.28","106","Verona","Verona","2024","106","5/5/2026",,"11/5/2026",,"502,400",,,,"53719","1992",,,"Madison","$211.75","No","Dane"
"Sold","2009722","657 Thornton Terrace","$589,000","Hawthorne Hills","Verona WI 53593","$579,000","$579,000","$579,000","5","3","3.0","0","2","1,869","1,051","2,920","0608-233-2855-2","0.20","51","Verona","Verona","2025","51","9/29/2025","11/19/2025","3/29/2026","1/12/2026","543,700","$198.29","309.79","No","53593","2007","Arms Length","Conventional","Verona","$198.29","No","Dane"
"Sold","2016359","533 Military Ridge Drive","$550,000","East View Heights","Verona WI 53593","$550,000","$583,000","$583,000","4","3","3.0","0","2","1,528","853","2,381","0608-232-6349-0","0.19","5","Verona","Verona","2025","5","2/11/2026","2/16/2026","5/31/2026","3/20/2026","465,400","$244.86","381.54","Yes","53593","2000","Arms Length","Conventional","Verona","$244.86","No","Dane"
"Sold","2012385","1245 Merry Blossom Lane","$599,900","Woods at Cathedral Point","Verona WI 53593","$599,900","$585,000","$585,000","3","2","2.0","0","2","1,584","0","1,584","0608-262-4815-2","0.19","23","Verona","Verona","2024","23","11/12/2025","12/7/2025","11/30/2026","1/9/2026","452,700","$369.32","369.32","No","53593","2023","Arms Length","Conventional","Verona","$369.32","No","Dane"
"Sold","2023787","2820 Allegheny Drive","$599,500","N/A","Madison WI 53719-1805","$599,500","$585,000","$585,000","4","3","3.0","0","2","2,278","732","3,010","0608-124-8070-3","0.91","9","Verona","Verona","2025","9","5/20/2026","5/29/2026","12/31/2026","6/29/2026","321,500","$194.35","256.80","No","53719-1805","999","Arms Length","Conventional","Madison","$194.35","No","Dane"
"Offer-No Show","2027674","5646 Pennwall Street","$589,900","Wildwood South","Fitchburg WI 53711","$589,900","$589,900",,"3","2","2.5","1","2","2,102","0","2,102","0609-161-3122-3","0.74","6","Verona","Verona","2025","6","7/7/2026","7/13/2026","1/7/2027",,"531,900",,,"Yes","53711","1977",,,"Fitchburg","$280.64","No","Dane"
"Active","2028127","1791 Innovation Lane","$599,900","Ardent Glen","Verona WI 53593","$589,900","$589,900",,"3","2","2.0","0","2","1,709","0","1,709","0608-081-2342-2","0.12","36","Verona","Verona","2025","36","7/14/2026",,"12/31/2026",,"75,300",,,,"53593","2025",,,"Verona","$345.17","No","Dane"
"Offer-Show","2018191","203 Melody Lane","$625,000",,"Verona WI 53593","$589,900","$589,900",,"4","3","3.0","0","2","1,940","485","2,425","0608-221-3304-2","0.30","161","Verona","Verona","2025","161","3/11/2026","7/26/2026","12/11/2026",,"461,500",,,"No","53593","1964",,,"Verona","$243.26","No","Dane"
"Expired","2006146","921 Jenna Drive","$625,000","Westridge Estates","Verona WI 53593","$595,000","$595,000",,"4","3","3.5","1","2","2,260","675","2,935","0608-163-2923-2","0.25","49","Verona","Verona","2024","49","8/7/2025",,"9/25/2025",,"603,900",,,,"53593","2007",,,"Verona","$202.73","No","Dane"
"Sold","2003357","5854 Woods Edge Road","$649,900","Seminole Forest","Fitchburg WI 53711","$625,000","$595,000","$595,000","4","3","3.0","0","3","1,815","986","2,801","0609-081-0408-1","0.37","28","Verona","Verona","2025","28","6/28/2025","9/4/2025","2/11/2026","10/6/2025","559,100","$212.42","327.82","No","53711","1981","Arms Length","Conventional","Fitchburg","$212.42","No","Dane"
"Delayed","2029907","318 Jenna Drive","$599,900","Westridge Estates","Verona WI 53593","$599,900","$599,900",,"3","3","3.5","1","3","1,976","843","2,819","0608-164-2755-9","0.22","0","Verona","Verona","2026","0","8/6/2026",,"12/31/2026",,"598,000",,,,"53593","1992",,,"Verona","$212.81","No","Dane"
"Offer-Show","2028366","6398 Everest Drive","$599,900","Hillside Heights","Madison WI 53719","$599,900","$599,900",,"3","3","3.0","0","3","1,763","289","2,052","0608-124-8200-5","0.97","34","Verona","Verona","2025","34","7/16/2026","7/29/2026","1/16/2027",,"320,500",,,"No","53719","2014",,,"Madison","$292.35","No","Dane"
"Active","2026312","2803 N County Road M","$600,000",,"Verona WI 53593","$600,000","$600,000",,"3","2","2.0","0","2","2,296","0","2,296","0608-103-8450-8","0.85","54","Verona","Verona","2025","54","6/18/2026",,"12/18/2026",,"305,500",,,,"53593","1901",,,"Verona","$261.32","No","Dane"
"Sold","2024793","3068 Timber Lane","$599,900",,"Verona WI 53593-1923","$599,900","$600,000","$600,000","4","2","2.5","1","0","1,238","653","1,891","0608-064-2023-0","2.00","6","Verona","Verona","2026","6","6/1/2026","6/9/2026","12/31/2026","7/24/2026","0","$317.29","484.65","No","53593-1923","1968","Arms Length","Conventional","Verona","$317.29","No","Dane"
"Sold","2021376","313 S Jefferson Street","$540,000","Lyons","Verona WI 53593","$540,000","$600,000","$600,000","4","2","2.0","0","2","1,475","800","2,275","0608-221-2655-0","0.40","5","Verona","Verona","2025","5","4/22/2026","4/27/2026","4/22/2027","5/13/2026","383,600","$263.74","406.78","Yes","53593","1955","Arms Length","Conventional","Verona","$263.74","No","Dane"
"Sold","2008862","955 Westminster Way","$625,000","Woods at Cathedral Point","Verona WI 53593","$600,000","$600,000","$600,000","4","2","2.5","2","2","2,056","550","2,606","0608-262-4870-2","0.15","111","Verona","Verona","2025","41","9/16/2025","10/27/2025","1/31/2026","12/8/2025","558,300","$230.24","291.83","No","53593","2022","Arms Length","Conventional","Verona","$230.24","No","Dane"
"Sold","2017716","521 Military Ridge Drive","$545,000","East View Heights","Verona WI 53593","$545,000","$600,000","$600,000","4","3","3.0","0","2","1,581","1,248","2,829","0608-232-6382-9","0.28","5","Verona","Verona","2025","5","3/4/2026","3/9/2026","2/25/2027","4/6/2026","476,800","$212.09","379.51","Yes","53593","2000","Arms Length","Cash","Verona","$212.09","No","Dane"
"Sold","2027596","1772 Waverly Way","$603,301","Ardent Glen","Verona WI 53593","$603,301","$603,301","$603,301","4","2","2.5","1","2","2,052","0","2,052","0608-054-4355-2","0.16","0","Verona","Verona","2026","0","1/29/2026","1/29/2026","7/8/2026","7/6/2026","104,200","$294.01","294.01","No","53593","2026","Arms Length","Conventional","Verona","$294.01","No","Dane"
"Sold","2018294","309 Westridge Parkway","$599,900","Westridge Estates","Verona WI 53593","$599,900","$606,000","$606,000","4","3","3.0","0","3","1,554","1,088","2,642","0608-163-1147-8","0.24","2","Verona","Verona","2025","2","3/12/2026","3/14/2026","9/12/2026","4/21/2026","511,000","$229.37","389.96","Yes","53593","2000","Arms Length","Conventional","Verona","$229.37","No","Dane"
"Sold","2009429","527 Linden Court","$699,000","Cross County Heights","Verona WI 53593","$650,000","$615,000","$615,000","4","3","3.0","0","2","2,184","905","3,088","0608-152-5199-1","0.33","44","Verona","Verona","2025","44","9/21/2025","11/4/2025","9/21/2026","12/1/2025","581,200","$199.16","281.59","No","53593","1977","Arms Length","Conventional","Verona","$199.16","No","Dane"
"Sold","2006164","335 Ridge View Trail","$650,000","Westridge Estates","Verona WI 53593","$630,000","$615,000","$615,000","3","2","2.5","1","3","2,014","527","2,541","060816303227","0.38","7","Verona","Verona","2024","7","8/7/2025","8/22/2025","2/7/2026","10/3/2025","553,700","$242.03","305.36","No","53593","2000","Arms Length","Conventional","Verona","$242.03","No","Dane"
"Sold","2023670","1714 Waverly Way","$617,785","ARDENT GLEN","Verona WI 53593","$617,785","$617,785","$617,785","4","2","2.5","1","2","2,082","0","2,082","0608-054-4388-2","0.16","0","Verona","Verona","2025","0","11/25/2025","11/25/2025","5/19/2026","5/15/2026","0","$296.73","296.73","No","53593","2026","Arms Length","Conventional","Verona","$296.73","No","Dane"
"Sold","2014362","6814 HORSESHOE BEND","$725,000",,"Verona WI 53593","$652,500","$619,500","$619,500","4","3","3.5","1","3","2,561","2,480","5,041","0608-352-9926-0","3.70","86","Verona","Verona","2025","86","1/5/2026","4/1/2026","5/29/2026","4/24/2026","508,000","$122.89","241.90","Yes","53593","1998","REO","Cash","Verona","$122.89","No","Dane"
"Sold","2017386","971 Hillside Way","$600,000","Westridge Estates","Verona WI 53593","$600,000","$620,000","$620,000","3","3","3.5","1","2","2,134","450","2,584","0608-163-2482-2","0.20","3","Verona","Verona","2025","3","2/26/2026","3/8/2026","8/26/2026","4/17/2026","555,500","$239.94","290.53","No","53593","2005","Arms Length","Cash","Verona","$239.94","No","Dane"
"Sold","2010052","5722 Nutone Street","$645,000","Wildwood South","Fitchburg WI 53711","$630,000","$620,000","$620,000","3","2","2.5","1","2","2,286","426","2,712","0609-162-6964-8","0.34","37","Verona","Verona","2025","37","10/2/2025","11/12/2025","8/31/2026","12/22/2025","548,100","$228.61","271.22","No","53711","1988","Arms Length","Conventional","Fitchburg","$228.61","No","Dane"
"Sold","2020492","304 Westridge Parkway","$599,900","Park Addn to Westridge Estates","Verona WI 53593","$599,900","$620,000","$620,000","4","3","3.0","0","3","1,586","996","2,582","0608-163-0432-4","0.24","2","Verona","Verona","2025","2","4/10/2026","4/29/2026","4/10/2027","5/15/2026","512,700","$240.12","390.92","No","53593","1999","Arms Length","Conventional","Verona","$240.12","No","Dane"
"Offer-No Show","2028495","604 WOODLAWN Way","$600,000","East View Heights","Verona WI 53593","$625,000","$625,000",,"4","3","3.0","0","3","2,740","549","3,289","0608-224-0338-5","0.34","5","Verona","Verona","2026","5","7/20/2026","8/12/2026","7/20/2027",,"614,500",,,"Yes","53593","1978",,,"Verona","$190.03","No","Dane"
"Sold","2010930","2363 S Seminole Hwy","$667,000",,"Fitchburg WI 53711","$649,999","$625,000","$625,000","3","2","2.5","1","5","2,036","560","2,596","0609-202-8821-2","1.07","37","Verona","Verona","2024","37","10/17/2025","11/23/2025","1/30/2026","12/29/2025","473,200","$240.76","306.97","No","53711","1972","Arms Length","Conventional","Fitchburg","$240.76","No","Dane"
"Delayed","2029874","300 Plympton Street","$625,000","NONE","Verona WI 53593","$625,000","$625,000",,"5","3","3.5","1","2","2,115","600","2,715","0608-153-1291-5","0.49","1","Verona","Verona","2025","1","8/5/2026",,"2/5/2027",,"460,500",,,,"53593","1965",,,"Verona","$230.20","No","Dane"
"Sold","2014554","2753 Wayfair Street","$625,000","Stoner Prairie","Fitchburg WI 53711","$625,000","$625,000","$625,000","3","2","2.0","0","2","1,616","0","1,616","0609-084-4514-2","0.23","13","Verona","Verona","2025","13","1/8/2026","2/2/2026","7/7/2026","4/2/2026","514,400","$386.76","386.76","No","53711","2021","Arms Length","Conventional","Fitchburg","$386.76","No","Dane"
"Expired","2007338","2753 Wayfair Street","$625,000","Stoner Prairie","Fitchburg WI 53711","$625,000","$625,000",,"3","2","2.0","0","2","1,616","0","1,616","0609-084-4514-2","0.23","0","Verona","Verona","2024","0","8/26/2025",,"12/1/2025",,"477,600",,,,"53711","2021",,,"Fitchburg","$386.76","No","Dane"
"Sold","1995673","1620 Eagle Eye Street","$649,900","ARDENT GLEN","Verona WI 53593","$629,900","$629,900","$629,900","4","2","2.5","1","2","2,045","0","2,045","0608-081-2760-2","0.20","328","Verona","Verona","2024","328","3/20/2025","2/11/2026","4/21/2026","4/17/2026","25,100","$308.02","308.02","No","53593","2025","Arms Length","Conventional","Verona","$308.02","No","Dane"
"Sold","2019105","1754 Waverly Way","$632,840","ARDENT GLEN","Verona WI 53593","$632,840","$632,840","$632,840","3","2","2.0","0","2","1,764","0","1,764","0608-054-4366-2","0.16","0","Verona","Verona","2025","0","10/22/2025","10/22/2025","3/24/2026","3/20/2026","0","$358.75","358.75","No","53593","2026","Arms Length","Conventional","Verona","$358.75","No","Dane"
"Expired","2003890","955 Westminster Way","$675,000","Woods at Cathedral Point","Verona WI 53593","$635,000","$635,000",,"4","2","2.5","2","2","2,056","550","2,606","0608-262-4870-2","0.15","70","Verona","Verona","2025","70","7/7/2025",,"9/16/2025",,"558,300",,,,"53593","2022",,,"Verona","$243.67","No","Dane"
"Sold","2019680","34 Maple View Court","$599,000","Maple Grove","Madison WI 53719","$599,000","$635,000","$635,000","3","2","2.5","1","2","2,256","629","2,885","0608-013-1238-5","0.51","24","Verona","Verona","2025","24","3/30/2026","4/23/2026","9/29/2026","5/15/2026","570,400","$220.10","281.47","Yes","53719","1989","Arms Length","Conventional","Madison","$220.10","No","Dane"
"Sold","2020111","603 Jenna Drive","$624,000","Westridge Estates","Verona WI 53593","$624,000","$637,000","$637,000","4","3","3.5","1","3","2,748","1,500","4,248","060816307296","0.23","4","Verona","Verona","2025","4","4/7/2026","5/4/2026","10/31/2026","6/3/2026","552,200","$149.95","231.80","Yes","53593","1997","Arms Length","Conventional","Verona","$149.95","No","Dane"
"Sold","2019404","1738 Waverly Way","$637,039","ARDENT GLEN","Verona WI 53593","$637,039","$637,039","$637,039","3","2","2.0","0","2","1,748","0","1,748","0608-054-4377-2","0.16","0","Verona","Verona","2025","0","10/24/2025","10/24/2025","3/27/2026","3/25/2026","0","$364.44","364.44","No","53593","2026","Arms Length","Conventional","Verona","$364.44","No","Dane"
"Delayed","2028917","1202 Tamarack Way","$649,900","Kettle Creek","Verona WI 53593","$649,900","$649,900",,"4","3","3.5","1","2","2,060","765","2,825","0608-094-6309-2","0.24","0","Verona","Verona","2026","0","7/27/2026",,"3/9/2027",,"549,200",,,,"53593","2003",,,"Verona","$230.05","No","Dane"
"Sold","1991625","1594 Eagle Eye Street","$699,900","ARDENT GLEN","Verona WI 53593","$649,900","$649,900","$649,900","4","2","2.5","1","2","2,211","0","2,211","0608-081-2782-2","0.19","389","Verona","Verona","2024","389","1/10/2025","2/3/2026","3/10/2026","3/6/2026","25,100","$293.94","293.94","No","53593","2025","Arms Length","Conventional","Verona","$293.94","No","Dane"
"Sold","2018697","325 Breckenridge Road","$649,000","Westridge Estates","Verona WI 53593","$649,000","$650,000","$650,000","4","3","3.0","0","2","1,900","924","2,824","0608-163-2570-2","0.29","1","Verona","Verona","2025","1","3/18/2026","5/1/2026","12/31/2026","8/19/2026","617,200","$230.17","342.11","No","53593","2006","Arms Length","Conventional","Verona","$230.17","No","Dane"
"Sold","2012734","6689 Purcell Road","$675,000",,"Belleville WI 53508","$675,000","$650,000","$650,000","4","2","2.0","0","2","2,128","0","2,128","multiple","6.80","29","Verona","Verona","2024","29","11/17/2025","12/16/2025","5/17/2026","1/28/2026","428,400","$305.45","305.45","Yes","53508","1967","Arms Length","Conventional","Belleville","$305.45","No","Dane"
"Sold","2021185","334 Basilica Parkway","$699,999","Cathedral Point","Verona WI 53593","$674,999","$650,000","$650,000","5","3","3.5","1","2","2,416","800","3,216","0608-271-7133-2","0.19","34","Verona","Verona","2025","34","4/17/2026","6/13/2026","10/17/2026","7/31/2026","605,800","$202.11","269.04","No","53593","2018","Arms Length","Conventional","Verona","$202.11","No","Dane"
"Active","2027223","1552 Eagle Eye Street","$659,900","ARDENT GLEN","Verona WI 53593","$659,900","$659,900",,"4","2","2.5","1","2","2,045","0","2,045","0608-081-2815-2","0.19","48","Verona","Verona","2026","48","7/2/2026",,"7/2/2027",,"150,800",,,,"53593","2026",,,"Verona","$322.69","No","Dane"
"Offer-Show","2025866","702 Mocha Way","$659,900","Kettle Creek North","Verona WI 53593","$659,900","$659,900",,"4","3","3.0","0","2","1,610","746","2,356","0608-094-0661-2","0.23","65","Verona","Verona","2025","65","6/15/2026","6/23/2026","6/11/2027",,"142,900",,,"No","53593","2026",,,"Verona","$280.09","No","Dane"
"Active","2029357","1769 Star Light Drive","$659,900","ARDENT GLEN","Verona WI 53593","$659,900","$659,900",,"4","2","2.5","1","2","2,093","0","2,093","0608-054-4047-2","0.15","19","Verona","Verona","2026","19","7/31/2026",,"7/31/2027",,"99,400",,,,"53593","2026",,,"Verona","$315.29","No","Dane"
"Sold","2021518","2788 Leo Mary Street","$665,000","Stoner Prairie","Fitchburg WI 53711","$665,000","$665,000","$665,000","4","3","3.0","0","3","2,462","0","2,462","0609-084-2507-2","0.23","5","Verona","Verona","2025","5","4/21/2026","5/3/2026","7/31/2026","6/22/2026","634,100","$270.11","270.11","No","53711","2017","Arms Length","Conventional","Fitchburg","$270.11","No","Dane"
"Sold","2002781","347 W Chapel Royal Drive","$674,900","Scenic Ridge","Verona WI 53593","$662,500","$665,000","$665,000","5","3","3.5","1","2","2,167","811","2,978","0608-272-1332-2","0.19","22","Verona","Verona","2024","22","6/23/2025","8/21/2025","6/23/2026","9/22/2025","563,600","$223.30","306.88","Yes","53593","2013","Arms Length","Conventional","Verona","$223.30","No","Dane"
"Sold","2004102","143 Paoli Street","$799,900",,"Verona WI 53593","$699,000","$670,000","$670,000","4","3","3.0","0","4","2,359","724","3,083","0608-222-6430-2","0.67","149","Verona","Verona","2024","149","7/11/2025","12/13/2025","2/10/2026","2/2/2026","537,900","$217.32","284.02","No","53593","1960","Arms Length","Conventional","Verona","$217.32","No","Dane"
"Sold","2007538","772 Marlow Bay","$675,000","Hawthorne Hills","Verona WI 53593","$675,000","$670,000","$670,000","4","3","3.5","1","3","2,183","989","3,172","0608-233-6236-2","0.23","11","Verona","Verona","2024","11","8/28/2025","9/8/2025","8/28/2026","10/30/2025","587,100","$211.22","306.92","No","53593","2010","Arms Length","Cash","Verona","$211.22","No","Dane"
"Sold","2013903","1256 Stanley Way","$899,900","Kettle Creek North","Verona WI 53593","$699,900","$670,000","$670,000","3","2","2.5","1","3","2,095","0","2,095","0608-094-0573-2","0.25","155","Verona","Verona","2025","155","12/17/2025","5/21/2026","7/15/2026","7/10/2026","629,200","$319.81","319.81","No","53593","2023","Arms Length","Conventional","Verona","$319.81","No","Dane"
"Sold","2026391","102 N Jefferson Street","$675,000",,"Verona WI 53593","$675,000","$680,000","$680,000","4","2","2.0","0","2","2,121","0","2,121","0608-154-2432-2","0.40","6","Verona","Verona","2025","6","6/22/2026","6/29/2026","12/22/2026","7/29/2026","519,300","$320.60","320.60","No","53593","999","Arms Length","Conventional","Verona","$320.60","No","Dane"
"Sold","2017223","498 N Arthur Circle","$635,000","Cross Country Heights","Verona WI 53593","$635,000","$685,000","$685,000","3","3","3.5","1","2","2,756","1,300","4,056","0608-152-5418-5","0.25","5","Verona","Verona","2025","5","2/25/2026","3/2/2026","2/25/2027","3/31/2026","605,500","$168.89","248.55","Yes","53593","1989","Arms Length","Conventional","Verona","$168.89","No","Dane"
"Offer-Show","2030141","772 Edward Street","$689,000","Westridge Estates Park Addn","Verona WI 53593","$689,000","$689,000",,"5","3","3.0","0","2","2,572","794","3,366","0608-163-1169-2","0.25","9","Verona","Verona","2026","9","8/10/2026","8/13/2026","8/10/2027",,"595,400",,,,"53593","1998",,,"Verona","$204.69","No","Dane"
"Sold","2008519","643 Evening Sun Way","$724,900","Whispering Coves","Verona WI 53593","$699,900","$696,823","$696,823","3","3","3.0","0","2","2,168","0","2,168","0608-102-4500-2","0.22","78","Verona","Verona","2025","78","9/11/2025","11/28/2025","9/11/2026","12/31/2025","67,200","$321.41","321.41","No","53593","2025","Arms Length","Conventional","Verona","$321.41","No","Dane"
"Sold","2021955","1749 Star Light Drive","$697,759","Ardent Glen","Verona WI 53593","$697,759","$697,759","$697,759","4","2","2.5","1","2","2,467","0","2,467","0608-054-4025-2","0.16","0","Verona","Verona","2025","0","10/27/2025","10/27/2025","4/29/2026","4/27/2026","0","$282.84","282.84","No","53593","2026","Arms Length","Conventional","Verona","$282.84","No","Dane"
"Sold","2014625","1257 Windrift Way","$699,900","Kettle Creek North","Verona WI 53593","$699,900","$699,900","$699,900","4","3","3.5","1","2","2,350","731","3,081","0608-103-3321-2","0.20","10","Verona","Verona","2025","10","1/9/2026","1/19/2026","1/9/2027","3/13/2026","234,500","$227.17","297.83","No","53593","2025","Arms Length","Conventional","Verona","$227.17","No","Dane"
"Expired","2001464","859 Kimball Lane","$700,000","Hometown Grove","Verona WI 53593","$700,000","$700,000",,"5","3","3.5","1","2","2,051","597","2,648","0608-233-0601-2","0.15","105","Verona","Verona","2025","105","6/5/2025",,"9/17/2025",,"97,800",,,,"53593","2025",,,"Verona","$264.35","No","Dane"
"Offer-Show","2024795","1267 Merry Blossom Lane","$699,900","Woods at Cathedral Point","Verona WI 53593","$700,000","$700,000",,"4","3","3.5","1","2","1,881","570","2,451","0608-262-4782-2","0.17","63","Verona","Verona","2026","63","6/2/2026","8/2/2026","12/17/2026",,"598,700",,,"No","53593","2023",,,"Verona","$285.60","No","Dane"
"Sold","2009655","859 Kimball Lane","$700,000","Hometown Grove","Verona WI 53593","$700,000","$700,000","$700,000","5","3","3.5","1","2","2,051","597","2,648","0608-233-0601-2","0.15","121","Verona","Verona","2025","16","9/26/2025","10/12/2025","1/1/2026","11/20/2025","97,800","$264.35","341.30","No","53593","2025","Arms Length","Conventional","Verona","$264.35","No","Dane"
"Sold","2004396","6853 Shagbark Court","$750,000","Hickory Ridge","Madison WI 53719","$750,000","$700,000","$700,000","3","2","2.5","1","2","1,946","800","2,746","0608-022-9115-0","2.22","56","Verona","Verona","2024","56","7/11/2025","9/6/2025","1/8/2026","9/17/2025","368,000","$254.92","359.71","No","53719","1984","Arms Length","Cash","Madison","$254.92","No","Dane"
"Sold","2007905","300 Military Ridge Drive","$649,500","Military Ridge","Verona WI 53593","$649,500","$710,000","$710,000","4","3","3.5","1","3","2,184","898","3,082","0608-143-7171-0","0.29","5","Verona","Verona","2025","5","9/3/2025","9/8/2025","9/3/2026","11/12/2025","523,300","$230.37","325.09","Yes","53593","1998","Arms Length","Conventional","Verona","$230.37","No","Dane"
"Sold","2009055","710 Mozart Street","$719,000",,"Verona WI 53593","$719,000","$715,000","$715,000","5","3","3.0","0","2","1,734","1,368","3,102","0608-233-0759-2","0.19","7","Verona","Verona","2024","7","9/18/2025","9/25/2025","1/8/2026","11/11/2025","105,600","$230.50","412.34","Yes","53593","2024","Arms Length","Cash","Verona","$230.50","No","Dane"
"Expired","1997672","1257 Windrift Way","$759,900","Kettle Creek North","Verona WI 53593","$724,900","$724,900",,"4","3","3.5","1","2","2,350","731","3,081","0608-103-3321-2","0.20","222","Verona","Verona","2024","222","4/17/2025",,"11/25/2025",,"126,100",,,,"53593","2025",,,"Verona","$235.28","No","Dane"
"Sold","2015590","490 Wynnwood Drive","$725,000","Westridge Estates","Verona WI 53593","$725,000","$725,000","$725,000","4","3","3.5","1","2","2,400","600","3,000","0608-162-4789-2","0.22","3","Verona","Verona","2025","3","1/28/2026","2/12/2026","7/28/2026","4/10/2026","625,400","$241.67","302.08","No","53593","2015","Arms Length","Conventional","Verona","$241.67","No","Dane"
"Sold","2005483","474 Westridge Parkway","$750,000","Westridge Estates","Verona WI 53593","$725,000","$725,000","$725,000","4","3","3.5","1","4","2,418","808","3,226","0608-162-6752-2","0.26","66","Verona","Verona","2025","66","7/29/2025","10/11/2025","2/6/2026","11/14/2025","661,800","$224.74","299.83","Yes","53593","2013","Arms Length","Conventional","Verona","$224.74","No","Dane"
"Sold","2015871","448 Westridge Parkway","$740,000",,"Verona WI 53593","$740,000","$728,000","$728,000","5","3","3.5","1","2","2,440","740","3,180","0608-162-6785-2","0.24","3","Verona","Verona","2025","3","12/13/2025","12/16/2025","12/13/2026","1/30/2026","641,200","$228.93","298.36","No","53593","2015","Arms Length","Cash","Verona","$228.93","No","Dane"
"Sold","1991323","1566 Eagle Eye Street","$754,900","Ardent Glen","Verona WI 53593","$729,900","$729,900","$729,900","4","2","2.5","1","2","2,400","0","2,400","0608-081-2804-2","0.19","294","Verona","Verona","2024","294","1/3/2025","10/24/2025","11/30/2025","11/24/2025","25,100","$304.13","304.13","No","53593","2025","Arms Length","Conventional","Verona","$304.13","No","Dane"
"Sold","2010041","2224 Dahlk Circle","$720,000","n/a","Verona WI 53593","$720,000","$730,000","$730,000","4","4","4.0","0","2","1,850","1,218","3,068","0607-244-8770-0","5.11","3","Verona","Verona","2025","3","10/3/2025","10/6/2025","4/3/2026","11/17/2025","535,100","$237.94","394.59","No","53593","1975","Arms Length","Conventional","Verona","$237.94","No","Dane"
"Sold","2016745","523 Acadia Way","$741,900","Raywood","Verona WI 53593","$741,900","$730,000","$730,000","3","2","2.5","2","2","2,277","523","2,800","0608-161-4373-0","0.30","5","Verona","Verona","2025","5","2/17/2026","3/3/2026","2/17/2027","4/10/2026","537,000","$260.71","320.60","No","53593","1999","Arms Length","Conventional","Verona","$260.71","No","Dane"
"Sold","2016753","5948 Woods Edge Road","$749,900","Seminole Forest","Fitchburg WI 53711","$749,900","$730,000","$730,000","5","3","3.5","1","4","2,513","906","3,419","0609-081-2144-6","0.42","38","Verona","Verona","2025","38","2/16/2026","4/24/2026","8/16/2026","5/27/2026","654,300","$213.51","290.49","No","53711","1991","Arms Length","Conventional","Fitchburg","$213.51","No","Dane"
"Sold","2021945","1729 Star Light Drive","$737,569","Ardent Glen","Verona WI 53593","$737,569","$737,569","$737,569","3","2","2.0","0","2","2,082","0","2,082","0608-054-4014-2","0.16","0","Verona","Verona","2025","0","11/5/2025","11/5/2025","4/29/2026","4/24/2026","0","$354.26","354.26","No","53593","2026","Arms Length","Conventional","Verona","$354.26","No","Dane"
"Sold","MM1960172","1729 Star Light Drive","$737,569",,"Verona WI 53593","$737,569","$737,569","$737,569","3","2","2.0","0","2",,,"2,082","286/0608-054-4014-2","0.16","0","Verona","Call School District",,"0","11/5/2025","11/5/2025","1/1/2079","4/24/2026",,"$354.26",,,"53593","2026","Arms Length","Other","Verona","$354.26","No","Dane"
"Withdrawn by Seller","2018925","1164 Wild Willow Way","$739,000","Cathedral Point","Verona WI 53593","$739,000","$739,000",,"4","2","2.5","1","2","1,584","650","2,234","0608-262-2661-2","0.14","3","Verona","Verona","2025","3","3/20/2026",,"3/20/2027",,"571,400",,,,"53593","2021",,,"Verona","$330.80","No","Dane"
"Withdrawn by Seller","2021965","1394 Winchester Pass","$789,900",,"Verona WI 53593","$739,900","$739,900",,"5","3","3.5","1","2","2,416","840","3,256","0608-271-4566-2","0.23","64","Verona","Verona","2025","64","4/29/2026",,"10/28/2026",,"645,100",,,,"53593","2016",,,"Verona","$227.24","No","Dane"
"Sold","2021459","6841 Cross Country Road","$725,000",,"Verona WI 53593","$725,000","$740,000","$740,000","4","2","2.5","1","3","2,202","868","3,070","0608-142-8550-0","2.54","5","Verona","Verona","2025","5","4/22/2026","4/27/2026","4/22/2027","5/27/2026","381,000","$241.04","336.06","Yes","53593","1986","Arms Length","Conventional","Verona","$241.04","No","Dane"
"Sold","2021203","2736 Leo Mary Street","$740,000",,"Fitchburg WI 53711","$740,000","$740,000","$740,000","4","2","2.5","1","3","2,700","0","2,700","0609-084-4801-2","0.28","4","Verona","Verona","2025","4","4/17/2026","4/21/2026","10/17/2026","6/30/2026","701,700","$274.07","274.07","No","53711","2022","Arms Length","Conventional","Fitchburg","$274.07","No","Dane"
"Sold","2017500","1249 Wild Willow Way","$739,000","WOODS AT CATHEDRAL POINT","Verona WI 53593","$739,000","$745,000","$745,000","3","2","2.0","0","2","1,932","0","1,932","0608-262-4133-2","0.21","5","Verona","Verona","2025","5","3/2/2026","3/7/2026","9/2/2026","4/30/2026","629,200","$385.61","385.61","Yes","53593","2024","Arms Length","Conventional","Verona","$385.61","No","Dane"
"Sold","2013956","1271 Stanley Way","$748,900","Kettle Creek North","Verona WI 53593","$748,900","$748,900","$748,900","4","2","2.5","1","2","2,828","0","2,828","0608-094-0705-2","0.22","24","Verona","Verona","2025","24","12/19/2025","1/12/2026","12/19/2026","3/27/2026","136,500","$264.82","264.82","No","53593","2026","Arms Length","Conventional","Verona","$264.82","No","Dane"
"Delayed","2029859","5825 Pembroke Court","$750,000","Lacy Heights","Fitchburg WI 53711","$750,000","$750,000",,"4","2","2.5","1","3","2,951","0","2,951","0609-084-0771-8","0.41","0","Verona","Verona","2025","0","8/6/2026",,"11/6/2026",,"614,300",,,,"53711","1994",,,"Fitchburg","$254.15","No","Dane"
"Active","2028926","2627 S Seminole Way","$750,000",,"Fitchburg WI 53711","$750,000","$750,000",,"4","2","2.0","0","2","1,732","0","1,732","0609-172-4000-2","8.44","23","Verona","Verona","2025","23","7/27/2026",,"7/31/2027",,"461,300",,,,"53711","1902",,,"Fitchburg","$433.03","No","Dane"
"Sold","2026437","1711 Star Light Drive","$750,663","ARDENT GLEN","Verona WI 53593","$750,663","$750,663","$750,663","5","3","3.5","1","2","2,242","624","2,866","0608-054-4003-2","0.16","0","Verona","Verona","2026","0","1/20/2026","1/20/2026","6/22/2026","6/16/2026","0","$261.92","334.82","No","53593","2026","Arms Length","Conventional","Verona","$261.92","No","Dane"
"Sold","2009103","7857 Schaller Road","$850,000",,"Verona WI 53593","$749,900","$755,000","$755,000","4","2","2.0","0","2","3,561","0","3,561","0508-063-8500-8","10.50","135","Verona","Verona","2024","135","9/18/2025","2/10/2026","9/15/2026","4/2/2026","622,100","$212.02","212.02","No","53593","1964","Arms Length","Conventional","Verona","$212.02","No","Dane"
"Sold","2024868","441 Dunhill Drive","$759,900","Kettle Creek","Verona WI 53593","$759,900","$759,900","$759,900","4","3","3.5","1","3","2,548","671","3,219","060810344852","0.22","4","Verona","Verona","2025","4","6/3/2026","6/7/2026","11/1/2026","8/13/2026","590,300","$236.07","298.23","No","53593","2003","Arms Length","Cash","Verona","$236.07","No","Dane"
"Sold","2014414","763 Mocha Way","$779,900","Kettle Creek North","Verona WI 53593","$764,900","$764,900","$764,900","3","2","2.0","0","2","2,033","0","2,033","0608-094-0617-2","0.25","130","Verona","Verona","2024","130","1/6/2026","5/16/2026","1/6/2027","6/30/2026","184,900","$376.24","376.24","No","53593","2026","Arms Length","Conventional","Verona","$376.24","No","Dane"
"Sold","2015787","2742 Jasmine Drive","$799,900","Lacy Heights","Fitchburg WI 53711","$789,900","$765,000","$765,000","4","3","3.5","1","3","2,629","1,040","3,669","0609-084-6016-0","0.28","50","Verona","Verona","2025","50","1/30/2026","3/21/2026","11/30/2026","5/15/2026","604,300","$208.50","290.99","No","53711","1995","Arms Length","Conventional","Fitchburg","$208.50","No","Dane"
"Offer-No Show","2024243","100 Melody Circle","$799,900",,"Verona WI 53593","$775,000","$775,000",,"4","2","2.5","1","2","2,814","379","3,193","0608-221-4177-5","0.63","35","Verona","Verona","2025","35","5/26/2026","7/1/2026","11/26/2026",,"562,300",,,,"53593","1976",,,"Verona","$242.72","Yes","Dane"
"Sold","2018911","828 Tamarack Way","$750,000","Cross Country Heights","Verona WI 53593","$750,000","$775,000","$775,000","3","3","3.5","1","2","2,030","1,890","3,920","0608-161-0349-8","0.57","8","Verona","Verona","2025","8","3/20/2026","4/21/2026","9/20/2026","7/1/2026","687,900","$197.70","381.77","Yes","53593","1986","Arms Length","Conventional","Verona","$197.70","No","Dane"
"Sold","2015128","5837 Woods Edge Road","$650,000","Seminole Forest","Fitchburg WI 53711","$675,000","$776,000","$776,000","3","2","2.5","1","2","2,190","812","3,002","0609-081-6072-5","0.31","5","Verona","Verona","2025","5","1/19/2026","2/16/2026","8/11/2026","3/12/2026","522,400","$258.49","354.34","Yes","53711","1979","Arms Length","Conventional","Fitchburg","$258.49","No","Dane"
"Sold","2014412","1277 Stanley Way","$780,000","Kettle Creek North","Verona WI 53593","$780,000","$780,000","$780,000","3","2","2.5","1","2","2,259","0","2,259","0608-094-0716-2","0.22","0","Verona","Verona","2024","0","11/7/2025","11/7/2025","1/31/2026","1/5/2026","33,900","$345.29","345.29","No","53593","2025","Arms Length","Conventional","Verona","$345.29","No","Dane"
"Sold","2008551","5834 Persimmon Drive","$895,000","Lacy Heights","Fitchburg WI 53711","$799,900","$792,400","$792,400","4","4","4.0","0","2","2,130","1,890","4,020","0609-084-0683-5","0.36","124","Verona","Verona","2024","124","9/11/2025","1/13/2026","7/17/2026","2/13/2026","752,500","$197.11","372.02","No","53711","1995","Arms Length","Conventional","Fitchburg","$197.11","No","Dane"
"Offer-No Show","2024093","1122 Willow Run","$825,000",,"Verona WI 53593","$795,000","$795,000",,"4","3","3.5","1","3","2,139","1,812","3,951","0608-272-1234-2","0.23","39","Verona","Verona","2025","39","5/22/2026","6/30/2026","11/22/2026",,"643,700",,,,"53593","2012",,,"Verona","$201.21","Yes","Dane"
"Offer-Show","2024211","6473 Sunset Drive","$850,000",,"Verona WI 53593","$795,000","$795,000",,"4","2","2.5","1","2","3,090","0","3,090","0608-363-8000-8","3.00","85","Verona","Verona","2025","85","5/26/2026","7/30/2026","11/27/2026",,"516,000",,,,"53593","1964",,,"Verona","$257.28","No","Dane"
"Offer-Show","2027667","2796 Cornelius Street","$795,000","Stoner Prairie","Fitchburg WI 53711","$795,000","$795,000",,"5","3","3.5","1","2","2,565","1,064","3,629","0609-084-2375-2","0.23","16","Verona","Verona","2026","16","7/9/2026","8/1/2026","2/5/2027",,"692,400",,,"No","53711","2019",,,"Fitchburg","$219.07","No","Dane"
"Sold","2007047","633 Diana Drive","$799,900","Cross Country Heights","Verona WI 53593","$799,900","$799,900","$799,900","4","3","3.5","1","3","2,863","616","3,271","0608-161-7167-4","0.36","3","Verona","Verona","2025","3","8/20/2025","9/7/2025","2/20/2026","11/18/2025","593,300","$244.54","279.39","No","53593","1989","Arms Length","Conventional","Verona","$244.54","No","Dane"
"Sold","2017532","2460 Spring Rose Circle","$850,000",,"Verona WI 53593","$850,000","$800,000","$800,000","4","3","3.0","0","3","2,416","981","3,397","0607-242-8300-3","2.89","39","Verona","Verona","2025","4","3/2/2026","3/6/2026","7/12/2026","4/15/2026","739,600","$235.50","331.13","No","53593","1980","Arms Length","Conventional","Verona","$235.50","No","Dane"
"Sold","2021560","2273 Sugar River Road","$725,000",,"Verona WI 53593","$725,000","$805,100","$805,100","4","3","3.5","1","3","1,849","1,132","2,981","0608-203-8150-0","2.52","6","Verona","Verona","2025","6","4/21/2026","4/27/2026","10/21/2026","5/28/2026","407,500","$270.08","435.42","Yes","53593","1956","Arms Length","Conventional","Verona","$270.08","No","Dane"
"Sold","2014437","1359 Winchester Pass","$830,000","Cathedral Point","Verona WI 53593","$809,000","$809,000","$809,000","5","3","3.5","1","2","3,046","1,006","4,052","0608-271-4930-2","0.25","1","Verona","Verona","2025","1","1/7/2026","2/6/2026","6/30/2026","4/10/2026","732,000","$199.65","265.59","No","53593","2015","Arms Length","Conventional","Verona","$199.65","No","Dane"
"Active","2024028","1702 Eagle Eye Street","$809,900","ARDENT GLEN","Verona WI 53593","$809,900","$809,900",,"4","2","2.5","1","2","2,400","0","2,400","0608-081-2694-2","0.16","89","Verona","Verona","2025","89","5/22/2026",,"5/22/2027",,"9,600",,,,"53593","2026",,,"Verona","$337.46","No","Dane"
"Sold","2009685","5846 Schumann Drive","$800,000","seminole forest","Fitchburg WI 53711","$800,000","$810,000","$810,000","3","3","3.5","1","2","5,031","533","5,564","0609-081-6560-4","0.31","38","Verona","Verona","2024","38","9/27/2025","11/30/2025","9/30/2026","1/16/2026","778,606","$145.58","161.00","Yes","53711","1983","Arms Length","Conventional","Fitchburg","$145.58","No","Dane"
"Active","2027288","513 Chads Crossing","$849,900","Cathedral Point","Verona WI 53593","$815,000","$815,000",,"4","3","3.0","0","3","1,980","1,400","3,380","0608-271-6320-2","0.27","105","Verona","Verona","2026","47","7/3/2026",,"8/31/2026",,"691,200",,,,"53593","2017",,,"Verona","$241.12","No","Dane"
"Sold","2014999","3087 Edenberry Street","$949,000","Harlan Hills","Fitchburg WI 53711","$874,900","$815,000","$815,000","5","4","4.5","1","3","3,200","1,277","4,477","0609-042-6888-6","0.35","118","Verona","Verona","2025","118","1/16/2026","5/26/2026","1/16/2027","7/31/2026","915,200","$182.04","254.69","No","53711","2003","Arms Length","Conventional","Fitchburg","$182.04","No","Dane"
"Active","2029640","6760 Sunset Drive","$819,000","NA","Verona WI 53593","$819,000","$819,000",,"3","3","3.5","1","2","2,596","631","3,227","0608-352-9800-1","2.14","16","Verona","Verona","2025","16","8/3/2026",,"12/31/2026",,"434,000",,,,"53593","1994",,,"Verona","$253.80","No","Dane"
"Active","2028874","5941 Woods Edge Road","$819,900","Seminole Forest","Fitchburg WI 53711","$819,900","$819,900",,"4","3","3.5","1","2","1,944","1,533","3,477","0609-081-2336-4","0.35","18","Verona","Verona","2025","18","7/21/2026",,"12/31/2026",,"786,300",,,,"53711","1987",,,"Fitchburg","$235.81","No","Dane"
"Sold","2016348","385 Wynnwood Drive","$824,900","Westridge","Verona WI 53593","$824,900","$822,500","$822,500","5","4","4.5","1","2","3,020","1,218","4,238","0608-163-3139-2","0.25","9","Verona","Verona","2025","9","2/11/2026","2/20/2026","8/31/2026","4/6/2026","666,700","$194.08","272.35","No","53593","2005","Arms Length","Conventional","Verona","$194.08","No","Dane"
"Expired","2021941","513 Chads Crossing","$899,900",,"Verona WI 53593","$825,000","$825,000",,"5","3","3.0","0","3","1,980","1,400","3,380","0608-271-6320-2","0.27","58","Verona","Verona","2025","58","4/29/2026",,"6/30/2026",,"663,900",,,,"53593","2017",,,"Verona","$244.08","No","Dane"
"Offer-No Show","2023914","1634 Eagle Eye Street","$829,900","ARDENT GLEN","Verona WI 53593","$829,900","$829,900",,"4","2","2.5","1","2","2,791","0","2,791","0608-081-2749-2","0.19","67","Verona","Verona","2025","67","5/21/2026","7/27/2026","5/21/2027",,"140,600",,,"No","53593","2026",,,"Verona","$297.35","No","Dane"
"Active","2027679","502 Morning Cove Circle","$834,900","Whispering Coves","Verona WI 53593","$834,900","$834,900",,"3","2","2.0","0","3","1,964","0","1,964","0608-102-4301-2","0.35","41","Verona","Verona","2025","41","7/9/2026",,"7/9/2027",,"74,100",,,,"53593","2026",,,"Verona","$425.10","No","Dane"
"Expired","2017923","13 Arboredge Way","$925,000","Harlan Hills","Fitchburg WI 53711","$835,000","$835,000",,"5","3","3.5","1","2","2,722","1,210","3,932","0609-051-7319-2","0.33","125","Verona","Verona","2026","124","3/6/2026",,"7/7/2026",,"815,700",,,,"53711","2012",,,"Fitchburg","$212.36","No","Dane"
"Offer-Show","2026685","3018 Bosshard Drive","$849,000","Seminole Hills Estates","Fitchburg WI 53711","$849,000","$849,000",,"5","4","4.0","0","3","3,136","1,080","4,216","0609-043-4081-4","0.87","57","Verona","Verona","2026","57","6/23/2026","8/14/2026","12/31/2026",,"802,400",,,"Yes","53711","1995",,,"Fitchburg","$201.38","No","Dane"
"Expired","2017919","1287 Enterprise Drive","$849,900","Harmony Hills","Verona WI 53593","$849,900","$849,900",,"5","3","3.5","1","3","2,416","842","3,258","0608-104-2059-2","0.27","46","Verona","Verona","2025","46","3/6/2026",,"5/31/2026",,"675,100",,,,"53593","2005",,,"Verona","$260.87","No","Dane"
"Sold","2025564","718 Arbor Vitae Place","$815,000",,"Verona WI 53593","$815,000","$850,000","$850,000","4","3","3.0","0","2","2,451","1,955","4,406","060823222480","1.37","2","Verona","Verona","2025","2","6/10/2026","6/19/2026","12/31/2026","7/24/2026","639,800","$192.92","346.80","Yes","53593","1987","Arms Length","Conventional","Verona","$192.92","No","Dane"
"Active","2026108","2725 Wayfair Street","$875,000","Stoner Prairie","Fitchburg WI 53719","$860,000","$860,000",,"4","3","3.5","1","3","2,163","1,260","3,423","0609-084-4569-2","0.23","139","Verona","Verona","2026","63","6/17/2026",,"12/31/2026",,"761,700",,,,"53719","2023",,,"Fitchburg","$251.24","No","Dane"
"Sold","2017321","2752 Leo Mary Street","$865,000","Stoner Prairie","Fitchburg WI 53711","$865,000","$865,000","$865,000","5","3","3.5","1","2","3,925","0","3,925","0609-084-4757-2","0.23","8","Verona","Verona","2025","8","2/23/2026","4/7/2026","8/23/2026","5/22/2026","815,100","$220.38","220.38","No","53711","2022","Arms Length","Conventional","Fitchburg","$220.38","No","Dane"
"Expired","2007422","2460 Spring Rose Circle","$869,900",,"Verona WI 53593","$869,900","$869,900",,"4","3","3.0","0","3","2,245","1,307","3,552","0607-242-8300-3","2.89","294","Verona","Verona","2025","81","8/26/2025",,"11/20/2025",,"739,600",,,,"53593","999",,,"Verona","$244.90","No","Dane"
"Sold","2027633","439 Acadia Way","$469,900",,"Verona WI 53593","$869,900","$870,000","$870,000","4","3","3.5","1","3","2,542","1,225","3,767","0608-161-4340-9","0.57","3","Verona","Verona","2026","3","7/8/2026","7/11/2026","1/8/2027","8/7/2026","700,200","$230.95","342.25","No","53593","1996","Arms Length","Conventional","Verona","$230.95","Yes","Dane"
"Expired","2014715","2460 Spring Rose Circle","$875,000",,"Verona WI 53593","$875,000","$875,000",,"4","3","3.0","0","3","2,416","981","3,397","0607-242-8300-3","2.89","35","Verona","Verona","2025","35","1/12/2026",,"3/1/2026",,"739,600",,,,"53593","1980",,,"Verona","$257.58","No","Dane"
"Expired","1992415","2460 Spring Rose Circle","$995,000","none","Verona WI 53593","$880,000","$880,000",,"4","3","3.0","0","3","2,416","981","3,397","0607-242-8300-3","2.89","213","Verona","Verona","2024","213","1/25/2025",,"8/25/2025",,"739,600",,,,"53593","1980",,,"Verona","$259.05","No","Dane"
"Sold","2023251","2292 Dahlk Circle","$939,000",,"Verona WI 53593","$939,000","$881,900","$881,900","4","3","3.5","2","5","3,312","540","3,852","0607-243-9952-0","6.18","8","Verona","Verona","2026","8","5/14/2026","5/22/2026","11/14/2026","6/30/2026","895,200","$228.95","266.27","No","53593","1992","Arms Length","Conventional","Verona","$228.95","No","Dane"
"Sold","2013744","1197 Pinehurst Drive","$950,000",,"Verona WI 53593","$950,000","$892,000","$892,000","5","3","3.5","1","3","2,810","663","3,473","0608-272-6848-2","0.34","100","Verona","Verona","2024","100","6/23/2025","10/1/2025","7/4/2025","12/12/2025","793,300","$256.84","317.44","No","53593","2014","Arms Length","Conventional","Verona","$256.84","No","Dane"
"Sold","2014663","515 Morning Cove Circle","$850,000","Whispering Coves","Verona WI 53593","$850,000","$895,000","$895,000","3","2","2.5","1","3","2,305","0","2,305","0608-102-4023-2","0.39","13","Verona","Verona","2025","13","1/10/2026","1/23/2026","1/31/2026","4/10/2026","75,400","$388.29","388.29","No","53593","2026","Arms Length","Conventional","Verona","$388.29","No","Dane"
"Expired","2029914","3169 Hickory Ridge Road","$899,000",,"Madison WI 53719","$899,000","$899,000",,"5","2","2.5","1","4","3,174","600","3,774","0608-022-8711-0","2.68","2","Verona","Verona","2025","2","8/7/2026",,"8/9/2026",,"531,500",,,,"53719","1969",,,"Madison","$238.21","No","Dane"
"Active","2030232","3169 Hickory Ridge Road","$899,000",,"Madison WI 53719","$899,000","$899,000",,"5","2","2.5","1","4","3,174","600","3,774","0608-022-8711-0","2.68","11","Verona","Verona","2025","9","8/10/2026",,"2/10/2027",,"53,150",,,,"53719","1969",,,"Madison","$238.21","No","Dane"
"Expired","2019677","2725 Wayfair Street","$899,900","Stoner Prairie","Fitchburg WI 53719","$899,900","$899,900",,"4","3","3.5","1","3","2,163","1,456","3,619","0609-084-4569-2","0.23","76","Verona","Verona","2025","76","4/1/2026",,"6/14/2026",,"753,200",,,,"53719","2023",,,"Fitchburg","$248.66","No","Dane"
"Sold","2020324","2145 Davis Hills Drive","$1,000,000",,"Verona WI 53593","$1,000,000","$915,000","$915,000","4","3","3.5","1","6","1,885","1,755","3,640","0608-252-9585-4","2.00","31","Verona","Verona","2025","31","4/7/2026","5/17/2026","12/31/2026","6/30/2026","492,000","$251.37","485.41","No","53593","2000","Arms Length","Conventional","Verona","$251.37","No","Dane"
"Expired","2016116","13 Arboredge Way","$925,000","Harlan Hills","Fitchburg WI 53711","$925,000","$925,000",,"5","3","3.5","1","2","2,722","1,210","3,932","0609-051-7319-2","0.32","1","Verona","Verona","2025","1","2/4/2026",,"3/3/2026",,"815,700",,,,"53711","2012",,,"Fitchburg","$235.25","No","Dane"
"Active","2030642","659 Acadia Way","$925,000","Raywood","Verona WI 53593","$925,000","$925,000",,"4","3","3.5","1","3","2,765","1,266","4,031","0608-161-3258-2","0.32","2","Verona","Verona","2026","2","8/17/2026",,"2/28/2027",,"837,600",,,,"53593","1998",,,"Verona","$229.47","No","Dane"
"Expired","2023984","659 Acadia Way","$925,000","Raywood","Verona WI 53593","$925,000","$925,000",,"4","3","3.5","1","3","2,765","1,266","4,031","0608-161-3258-2","0.32","19","Verona","Verona","2025","19","5/22/2026",,"8/16/2026",,"754,200",,,,"53593","1998",,,"Verona","$229.47","No","Dane"
"Sold","2022340","210 Monte Cristo Circle","$949,900","Gateway Estates","Verona WI 53593","$949,900","$950,000","$950,000","6","3","3.5","1","3","2,650","2,363","5,013","0608-103-1066-8","0.60","2","Verona","Verona","2025","2","5/4/2026","5/10/2026","11/4/2026","7/13/2026","845,000","$189.51","358.49","No","53593","2001","Arms Length","Conventional","Verona","$189.51","No","Dane"
"Active","2026167","5908 Schumann Drive","$1,100,000","Seminole Forest","Fitchburg WI 53711","$950,000","$950,000",,"4","3","3.5","1","2","2,355","738","3,093","0609-081-4501-9","0.30","50","Verona","Verona","2025","50","6/16/2026",,"11/30/2026",,"784,000",,,,"53711","1988",,,"Fitchburg","$307.15","No","Dane"
"Delayed","2030663","2532 Bigler Circle","$965,000",,"Verona WI 53593-0000","$965,000","$965,000",,"4","3","3.0","0","3","2,760","750","3,510","060713481855","2.40","0","Verona","Verona","2026","0","8/17/2026",,"3/1/2027",,"737,300",,,,"53593-0000","1987",,,"Verona","$274.93","No","Dane"
"Sold","2027488","3091 Edenberry Street","$975,000","Harlan Hills","Fitchburg WI 53711","$975,000","$970,000","$970,000","4","3","3.5","1","3","2,387","1,146","3,533","0609-042-6877-9","0.41","2","Verona","Verona","2026","2","6/12/2026","6/14/2026","8/12/2026","7/7/2026","884,400","$274.55","406.37","No","53711","2004","Arms Length","Cash","Fitchburg","$274.55","No","Dane"
"Active","2024600","1397 Sayles Trail","$999,999",,"Belleville WI 53508","$974,999","$974,999",,"3","2","2.0","0","2","1,414","480","1,894","0508-013-9240-0","25.18","71","Verona","Verona","2025","71","5/30/2026",,"5/31/2027",,"425,900",,,,"53508","1987",,,"Belleville","$514.78","No","Dane"
"Offer-Show","2020434","567 Morning Cove Circle","$1,100,000","Whispering Coves","Verona WI 53593","$999,900","$999,900",,"4","3","3.5","1","2","2,537","1,208","3,744","0608-102-4067-2","0.27","98","Verona","Verona","2025","98","4/9/2026","7/9/2026","12/31/2026",,"71,300",,,,"53593","2026",,,"Verona","$267.07","No","Dane"
"Sold","2021310","349 Wynnwood Drive","$1,050,000","Westridge Estates","Verona WI 53593","$1,050,000","$1,006,000","$1,006,000","5","3","3.5","1","3","3,350","979","4,329","0608-163-2328-2","0.37","12","Verona","Verona","2025","12","2/28/2026","3/12/2026","3/8/2026","4/21/2026","848,400","$232.39","300.30","No","53593","2005","Arms Length","Cash","Verona","$232.39","No","Dane"
"Active","2018310","1285 Retreat Circle","$1,100,000","Kettle Creek North","Verona WI 53593","$1,044,750","$1,044,750",,"5","3","3.5","1","3","2,678","790","3,468","0608-094-0507-2","0.33","110","Verona","Verona","2025","110","3/12/2026",,"10/31/2026",,"39,300",,,,"53593","2026",,,"Verona","$301.25","No","Dane"
"Sold","2018540","5774 Longwood Lane","$1,150,000","Harlan Hills","Fitchburg WI 53711","$1,150,000","$1,050,000","$1,050,000","4","4","4.5","1","3","3,433","2,262","5,695","0609-042-4221-2","0.38","41","Verona","Verona","2025","41","3/13/2026","5/23/2026","6/30/2026","6/30/2026","1,108,400","$184.37","305.85","No","53711","2003","Arms Length","Cash","Fitchburg","$184.37","No","Dane"
"Sold","2020418","5885 Persimmon Drive","$1,100,000","Lacy Heights","Fitchburg WI 53711","$1,100,000","$1,051,000","$1,051,000","6","4","4.5","1","3","3,849","1,683","5,532","0609-084-0518-5","0.50","3","Verona","Verona","2025","3","4/10/2026","4/13/2026","4/10/2027","6/22/2026","799,900","$189.99","273.06","No","53711","1995","Arms Length","Conventional","Fitchburg","$189.99","No","Dane"
"Offer-Show","2028780","1398 Scenic Ridge Drive","$1,075,000","Scenic Ridge","Verona WI 53593","$1,075,000","$1,075,000",,"5","4","4.5","1","3","3,117","874","3,991","0608-272-6617-2","0.43","20","Verona","Verona","2025","20","7/23/2026","8/2/2026","1/23/2027",,"815,300",,,"Yes","53593","2016",,,"Verona","$269.36","No","Dane"
"Offer-Show","2024791","3081 Edenberry Street","$1,075,000","Harlan Hills","Fitchburg WI 53711","$1,075,000","$1,075,000",,"3","3","3.5","1","3","3,295","1,104","4,399","0609-042-6910-7","0.34","64","Verona","Verona","2025","64","6/1/2026","8/7/2026","9/1/2026",,"958,800",,,"No","53711","2001",,,"Fitchburg","$244.37","No","Dane"
"Active","2029105","701 Mocha Way","$1,080,000","Kettle Creek North","Verona WI 53593","$1,080,000","$1,080,000",,"4","2","2.5","1","3","3,207","0","3,207","0608-103-2060-2","0.36","17","Verona","Verona","2025","17","7/28/2026",,"7/28/2027",,"886,000",,,,"53593","2023",,,"Verona","$336.76","No","Dane"
"Active","2018049","5753 Dawley Drive","$1,275,000","Harlan Hills","Fitchburg WI 53711","$1,095,000","$1,095,000",,"5","5","5.5","2","3","3,817","1,677","5,494","0609-042-4683-7","0.39","140","Verona","Verona","2025","140","3/9/2026",,"9/9/2026",,"1,057,200",,,,"53711","2003",,,"Fitchburg","$199.31","No","Dane"
"Sold","2013521","835 Mocha Way","$1,245,000","Kettle Creek North","Verona WI 53593","$1,145,000","$1,100,000","$1,100,000","4","2","2.5","1","3","3,516","0","3,516","0608-094-0584-2","0.35","49","Verona","Verona","2025","49","12/8/2025","1/26/2026","5/31/2026","3/13/2026","851,900","$312.86","312.86","No","53593","2023","Arms Length","Conventional","Verona","$312.86","No","Dane"
"Sold","2016106","6454 Shady Bend Road","$1,350,000",,"Verona WI 53593","$1,327,777","$1,207,777","$1,207,777","5","3","3.5","1","3","3,000","1,859","4,859","0608-251-8502-0","5.62","39","Verona","Verona","2025","39","2/5/2026","3/16/2026","8/31/2026","4/20/2026","644,000","$248.56","402.59","No","53593","2003","Arms Length","Conventional","Verona","$248.56","No","Dane"
"Sold","2007971","34 Arboredge Way","$1,400,000","Harlan Hills Condominium","Fitchburg WI 53711","$1,299,000","$1,230,000","$1,230,000","4","3","3.5","1","2","2,360","2,315","4,675","0609-051-7347-2","0.33","71","Verona","Verona","2025","71","7/22/2025","10/1/2025","1/23/2026","12/11/2025","1,037,100","$263.10","521.19","No","53711","2006","Arms Length","Cash","Fitchburg","$263.10","No","Dane"
"Sold","2008092","3181 Fox Hill Trail","$1,299,000","Fox Hill","Verona WI 53593","$1,299,000","$1,245,000","$1,245,000","4","3","3.0","0","3","2,358","1,415","3,773","0608-061-1522-0","1.62","23","Verona","Verona","2025","23","9/4/2025","9/27/2025","9/4/2026","11/14/2025","758,500","$329.98","527.99","No","53593","2021","Arms Length","Other","Verona","$329.98","No","Dane"
"Sold","2023973","1741 Black Cherry Court","$1,249,900","Black Cherry","Verona WI 53593","$1,249,900","$1,275,000","$1,275,000","5","4","4.0","0","3","3,420","1,575","4,995","0608-353-3906-5","8.32","283","Verona","Verona","2025","0","5/22/2026","6/1/2026","8/31/2026","6/18/2026","784,000","$255.26","372.81","No","53593","2000","Arms Length","Cash","Verona","$255.26","No","Dane"
"Sold","2023101","575 Morning Cove Circle","$1,299,000","Whispering Coves","Verona WI 53593-1923","$1,299,000","$1,297,000","$1,297,000","5","3","3.5","1","2","3,010","1,674","4,684","0608-102-4078-2","0.30","3","Verona","Verona","2025","3","5/12/2026","5/17/2026","12/31/2026","6/12/2026","72,300","$276.90","430.90","Yes","53593-1923","2026","Arms Length","Cash","Verona","$276.90","No","Dane"
"Sold","2020529","3167 Woodhill Circle","$1,350,000","The Woods at Watch Hill Unit 11","Verona WI 53593-8661","$1,350,000","$1,350,000","$1,350,000","5","3","3.5","1","3","2,471","1,854","4,325","060805225310","2.06","13","Verona","Verona","2025","13","4/12/2026","5/3/2026","7/12/2026","8/10/2026","854,500","$312.14","546.34","No","53593-8661","2017","Arms Length","Conventional","Verona","$312.14","No","Dane"
"Sold","2008798","6450 Shady Bend Road","$1,395,000",,"Verona WI 53593","$1,395,000","$1,375,000","$1,375,000","5","3","3.5","1","3","2,209","1,940","4,149","0608-251-8595-0","2.04","8","Verona","Verona","2025","8","9/15/2025","9/30/2025","3/23/2026","11/12/2025","572,000","$331.41","622.45","No","53593","2011","Arms Length","Conventional","Verona","$331.41","No","Dane"
"Active","2023806","6050 County Road M","$1,375,500",,"Fitchburg WI 53575","$1,375,500","$1,375,500",,"4","1","1.5","1","2","1","0","1","0609-322-9000-3","90.00","94","Verona","Verona","2025","77","5/20/2026",,"5/31/2027",,"534,000",,,,"53575","1880",,,"Fitchburg","$1,375,500.00","No","Dane"
"Expired","2005709","1741 Black Cherry Court","$1,800,000","Black Cherry","Verona WI 53593","$1,399,900","$1,399,900",,"5","4","4.0","0","3","3,420","1,575","4,995","0608-353-3906-5","8.32","284","Verona","Verona","2024","284","7/31/2025",,"5/21/2026",,"784,000",,,,"53593","2000",,,"Verona","$280.26","No","Dane"
"Active","2030479","1825 Bringold Drive","$1,399,900",,"Verona WI 53593","$1,399,900","$1,399,900",,"4","3","3.5","1","3","2,729","2,100","4,829","0607-352-9501-5","5.80","49","Verona","Verona","2025","5","8/14/2026",,"11/14/2026",,"813,800",,,,"53593","2000",,,"Verona","$289.89","No","Dane"
"Expired","2025627","1825 Bringold Drive","$1,499,900",,"Verona WI 53593","$1,449,900","$1,449,900",,"4","3","3.5","1","3","2,729","2,100","4,829","0607-352-9501-5","5.79","44","Verona","Verona","2025","44","6/8/2026",,"7/21/2026",,"813,800",,,,"53593","2000",,,"Verona","$300.25","No","Dane"
"Sold","2014009","7594 Watch Hill Court","$1,600,000","The Woods at Watch Hill","Verona WI 53593","$1,499,900","$1,469,000","$1,469,000","4","4","4.5","1","3","3,706","1,226","4,932","0608-052-2501-0","2.28","88","Verona","Verona","2024","88","12/20/2025","3/18/2026","12/20/2027","6/15/2026","854,500","$297.85","396.38","No","53593","2017","Arms Length","Conventional","Verona","$297.85","No","Dane"
"Sold","2007648","1980 Manhattan Drive","$1,995,000",,"Verona WI 53593","$1,995,000","$1,590,034","$1,590,034","5","5","5.5","3","6","6,605","2,705","9,310","0608-284-8240-4","2.47","55","Verona","Verona","2024","55","8/25/2025","10/24/2025","2/25/2026","12/29/2025","442,500","$170.79","240.73","No","53593","2025","Arms Length","Conventional","Verona","$170.79","No","Dane"
"Active","2026722","7876 Dragonfly Court","$1,600,000","Twin Rock","Verona WI 53593","$1,600,000","$1,600,000",,"6","4","4.0","0","3","3,353","1,025","4,378","0608-193-2043-0","1.66","42","Verona","Verona","2025","42","6/25/2026",,"6/24/2027",,"779,500",,,,"53593","2024",,,"Verona","$365.46","No","Dane"
"Sold","2009980","7603 Watch Hill Court","$1,575,000","Watch hill","Verona WI 53593","$1,575,000","$1,600,000","$1,600,000","5","3","3.5","3","3","2,866","1,904","4,770","060805225610","1.68","4","Verona","Verona","2024","4","10/2/2025","10/6/2025","3/2/2026","10/30/2025","836,000","$335.43","558.27","No","53593","2017","Arms Length","Cash","Verona","$335.43","No","Dane"
"Active","2023954","7606 Driftless Ridge Way","$2,200,000","Driftless Ridge","Verona WI 53593","$2,000,000","$2,000,000",,"5","4","4.5","1","5","4,270","1,311","5,581","0608-052-5818-0","1.51","76","Verona","Verona","2025","76","5/21/2026",,"5/12/2027",,"1,194,000",,,,"53593","2019",,,"Verona","$358.36","No","Dane"
"Offer-Show","2028960","3176 Woodhill Circle","$2,000,000","The Woods at Watch Hill","Verona WI 53593","$2,000,000","$2,000,000",,"4","3","3.5","1","3","3,954","1,291","5,245","0608-052-2513-0","2.03","19","Verona","Verona","2025","19","7/27/2026","8/1/2026","4/30/2027",,"967,500",,,,"53593","2019",,,"Verona","$381.32","No","Dane"
"Active","2026307","6635 Sunset Drive","$2,750,000",,"Verona WI 53593","$2,495,000","$2,495,000",,"4","3","3.0","0","3","1,648","824","2,472","0608-354-8180-2","26.70","62","Verona","Verona","2025","62","6/18/2026",,"6/18/2027",,"362,700",,,,"53593","1990",,,"Verona","$1,009.30","No","Dane"
"Expired","2009977","3108 Fox Hill Trail","$2,599,900","Fox Hill","Verona WI 53593","$2,499,900","$2,499,900",,"5","3","3.5","1","4","4,629","1,700","6,329","0608-061-5501-0","1.95","42","Verona","Verona","2025","42","10/2/2025",,"11/13/2025",,"1,098,000",,,,"53593","2019",,,"Verona","$394.99","No","Dane"
"Expired","2001062","6500 Shady Bend Road","$4,450,000",,"Verona WI 53593","$4,450,000","$4,450,000",,"3","1","1.0","0","0","1,832","0","1,832","0608-243-9500-6","40.00","358","Verona","Verona","2025","358","5/28/2025",,"5/20/2026",,"310,500",,,,"53593","1860",,,"Verona","$2,429.04","No","Dane"
"Withdrawn by Seller","2000023","6435 County Road M","$11,500,000",,"Verona WI 53593","$11,500,000","$11,500,000",,"3","1","1.5","1","2","1,624","0","1,624","0608-251-9160-8","112.00","354","Verona","Verona","2025","354","5/15/2025",,"12/31/2028",,"350,800",,,,"53593","1989",,,"Verona","$7,081.28","No","Dane"
