"Status","MLS #","Address","Original Price","Subdivision","Listing City State Zip","List Price","Price","Sold Price","Bedrooms","Full Baths Total","Total Baths","1/2 Baths Total","Total Full Garage Stalls","Fin Above Grade SqFt","Fin Part/All Below Grd SF","Finished SqFt","Parcel ID","Est. Total Acres","Cumulative DOM","School District","High School","Total Assess Year","Days On Market","List Date","Accepted Offer","Expiration Date","Closing Date","Total Assess","Sold Price Per SQFT","Above Grade Sold Price Per SqFt","Competing Written Offers","Zip","Year Built","Sale Factors","Financing at Closing","Mailing City","Price Per SQFT","Limited Service","County"
"Expired","2024228","203 Fairview Court","$299,900","Barbian Condominium","Waunakee WI 53597","$299,900","$299,900",,"3","1","1.0","0","1","941","0","941","0809-053-5847-1","0.01","0","Waunakee","Waunakee","2025","0","5/26/2026",,"5/26/2026",,"265,400",,,,"53597","1965",,,"Waunakee","$318.70","No","Dane"
"Sold","2024240","203 Fairview Court","$299,900","Barbian Condominium","Waunakee WI 53597","$299,900","$300,000","$300,000","3","1","1.0","0","1","941","0","941","0809-053-5847-1","0.01","6","Waunakee","Waunakee","2025","6","5/26/2026","6/1/2026","5/26/2027","7/9/2026","265,400","$318.81","318.81","No","53597","1965","Arms Length","Conventional","Waunakee","$318.81","No","Dane"
"Active","2029454","205 E 3rd Street","$324,900","N/A","Waunakee WI 53597","$324,900","$324,900",,"3","1","1.0","0","1","1,380","0","1,380","0809-082-0485-3","0.19","16","Waunakee","Waunakee","2025","16","7/30/2026",,"12/31/2026",,"233,800",,,,"53597","1930",,,"Waunakee","$235.43","No","Dane"
"Sold","2019544","105 Bacon Street","$315,000","Second Addn to Cooper Addn Block 3","Waunakee WI 53597-1423","$315,000","$325,000","$325,000","4","1","1.0","0","2","1,464","0","1,464","0809-081-2783-9","0.20","4","Waunakee","Waunakee","2025","4","3/30/2026","4/8/2026","9/30/2026","5/18/2026","263,400","$221.99","221.99","No","53597-1423","1836","Arms Length","Conventional","Waunakee","$221.99","No","Dane"
"Offer-Show","2028843","520 6th Street","$350,000",,"Waunakee WI 53597","$350,000","$350,000",,"3","1","1.0","0","1","1,106","332","1,438","0809-071-7167-7","0.23","24","Waunakee","Waunakee","2025","24","7/22/2026","8/4/2026","12/22/2026",,"320,000",,,"No","53597","1963",,,"Waunakee","$243.39","No","Dane"
"Sold","2006054","1003 S Holiday Drive","$400,000","Centennial Heights","Waunakee WI 53597","$400,000","$359,000","$359,000","3","1","1.5","1","2","1,368","0","1,368","0809-074-6745-6","0.24","22","Waunakee","Waunakee","2024","22","8/5/2025","9/4/2025","2/1/2026","10/3/2025","334,800","$262.43","262.43","No","53597","1986","Arms Length","Conventional","Waunakee","$262.43","No","Dane"
"Sold","2012053","210 Pleasant Drive","$405,000","Pleasant View Heights","Waunakee WI 53597","$385,000","$365,000","$365,000","2","2","2.0","0","1","1,202","0","1,202","0809-054-4090-1","0.29","116","Waunakee","Waunakee","2025","116","11/6/2025","3/2/2026","5/6/2026","3/31/2026","329,200","$303.66","303.66","No","53597","1954","Arms Length","Conventional","Waunakee","$303.66","No","Dane"
"Sold","2011552","627 Hillcrest Drive","$370,000","Heritage Hills","Waunakee WI 53597","$370,000","$370,000","$370,000","3","2","2.5","1","2","1,480","0","1,480","0809-054-6243-1","0.07","9","Waunakee","Waunakee","2025","9","10/28/2025","11/6/2025","4/27/2026","12/29/2025","412,700","$250.00","250.00","No","53597","2021","Arms Length","Conventional","Waunakee","$250.00","No","Dane"
"Sold","2014443","629 Hillcrest Drive","$370,000","Heritage Hills","Waunakee WI 53597","$370,000","$372,000","$372,000","3","2","2.5","1","2","1,480","0","1,480","0809-054-6254-1","0.07","17","Waunakee","Waunakee","2025","17","1/7/2026","1/24/2026","5/31/2026","3/17/2026","410,700","$251.35","251.35","Yes","53597","2021","Arms Length","Conventional","Waunakee","$251.35","No","Dane"
"Sold","2015911","432 Crusader Point","$390,000",,"Waunakee WI 53597","$390,000","$385,000","$385,000","3","2","2.5","1","2","1,517","127","1,644","0809-054-0675-1","0.06","17","Waunakee","Waunakee","2025","17","2/2/2026","2/19/2026","8/2/2026","4/1/2026","391,700","$234.18","253.79","No","53597","2023","Arms Length","Conventional","Waunakee","$234.18","No","Dane"
"Offer-Show","2024606","202 W 3rd Street","$404,000",,"Waunakee WI 53597-1383","$385,000","$385,000",,"3","2","2.0","0","2","1,602","0","1,602","0809-082-3045-9","0.25","78","Waunakee","Waunakee","2026","78","5/28/2026","8/12/2026","12/31/2026",,"303,800",,,,"53597-1383","1909",,,"Waunakee","$240.32","No","Dane"
"Offer-Show","2028068","406 E Verleen Avenue","$389,900","Pleasant View Heights","Waunakee WI 53597","$389,900","$389,900",,"3","2","2.0","0","1","1,008","88","1,096","0809-054-3232-6","0.27","42","Waunakee","Waunakee","2025","29","7/14/2026","8/16/2026","12/31/2026",,"309,400",,,"Yes","53597","1960",,,"Waunakee","$355.75","No","Dane"
"Sold","2008017","804 Indigo Lane","$389,900","HERITAGE HILLS","Waunakee WI 53597","$389,900","$389,900","$389,900","3","2","2.5","1","2","1,620","145","1,765","0809-043-4334-1","0.06","50","Waunakee","Waunakee","2025","50","9/4/2025","10/24/2025","12/10/2025","12/8/2025","73,500","$220.91","240.68","No","53597","2025","Arms Length","Conventional","Waunakee","$220.91","No","Dane"
"Sold","2003810","307 Breunig Boulevard","$404,900","HERITAGE HILLS","Waunakee WI 53597","$389,900","$389,900","$389,900","3","2","2.5","1","2","1,517","127","1,644","0809-043-4100-1","0.06","168","Waunakee","Waunakee","2025","168","7/8/2025","12/23/2025","1/26/2026","1/22/2026","0","$237.17","257.02","No","53597","2025","Arms Length","Conventional","Waunakee","$237.17","No","Dane"
"Sold","2014061","808 Indigo Lane","$392,900","HERITAGE HILLS","Waunakee WI 53597","$392,900","$392,900","$392,900","3","2","2.5","1","2","1,517","127","1,644","0809-043-4356-1","0.12","66","Waunakee","Waunakee","2025","66","12/23/2025","2/27/2026","4/1/2026","3/27/2026","73,500","$238.99","259.00","No","53597","2025","Arms Length","Conventional","Waunakee","$238.99","No","Dane"
"Sold","2018919","810 Indigo Lane","$393,900","HERITAGE HILLS","Waunakee WI 53597","$393,900","$393,900","$393,900","3","2","2.5","1","2","1,517","127","1,644","0809-043-4367-1","0.12","0","Waunakee","Waunakee","2025","0","1/26/2026","1/26/2026","3/20/2026","3/18/2026","73,500","$239.60","259.66","No","53597","2025","Arms Length","Conventional","Waunakee","$239.60","No","Dane"
"Sold","2017414","816 Indigo Lane","$394,900","HERITAGE HILLS","Waunakee WI 53597","$394,900","$394,900","$394,900","3","2","2.5","1","2","1,517","127","1,644","0809-043-4400-1","0.06","3","Waunakee","Waunakee","2025","3","2/27/2026","3/2/2026","5/6/2026","5/4/2026","73,500","$240.21","260.32","No","53597","2025","Arms Length","Conventional","Waunakee","$240.21","No","Dane"
"Sold","2025479","201 N Division Street","$394,900","Heritage Hills","Waunakee WI 53597","$394,900","$394,900","$394,900","3","2","2.5","1","2","1,532","0","1,532","0809-054-6143-1","0.07","15","Waunakee","Waunakee","2025","5","6/10/2026","6/15/2026","11/30/2026","7/31/2026","388,600","$257.77","257.77","Yes","53597","2021","Arms Length","Conventional","Waunakee","$257.77","No","Dane"
"Sold","2005181","203 Breunig Boulevard","$404,900","HERITAGE HILLS","Waunakee WI 53597","$394,900","$394,900","$394,900","3","2","2.5","1","2","1,620","145","1,765","0809-043-4267-1","0.07","180","Waunakee","Waunakee","2025","180","7/24/2025","1/20/2026","2/23/2026","2/18/2026","0","$223.74","243.77","No","53597","2025","Arms Length","Conventional","Waunakee","$223.74","No","Dane"
"Sold","2011449","303 Breunig Boulevard","$394,900","HERITAGE HILLS","Waunakee WI 53597","$394,900","$394,900","$394,900","3","2","2.5","1","2","1,620","145","1,765","0809-043-4078-1","0.06","14","Waunakee","Waunakee","2025","14","10/27/2025","11/10/2025","12/17/2025","12/15/2025","74,500","$223.74","243.77","No","53597","2025","Arms Length","Conventional","Waunakee","$223.74","No","Dane"
"Sold","2014202","806 Indigo Lane","$394,900","HAVEN AT HERITAGE HILLS","Waunakee WI 53597","$394,900","$394,900","$394,900","3","2","2.5","1","2","1,620","145","1,765","0809-043-4345-1","0.12","0","Waunakee","Waunakee","2025","0","9/16/2025","9/16/2025","12/31/2025","12/30/2025","73,500","$223.74","243.77","No","53597","2025","Arms Length","Conventional","Waunakee","$223.74","No","Dane"
"Expired","2012274","1006 S Division Street","$395,000","Castle Creek Park","Waunakee WI 53597","$395,000","$395,000",,"4","2","2.0","0","2","1,188","792","1,980","0809-084-0517-1","0.15","30","Waunakee","Waunakee","2025","30","11/8/2025",,"12/7/2025",,"342,800",,,,"53597","1985",,,"Waunakee","$199.49","No","Dane"
"Sold","2023264","512 Prospect Road","$375,000","Pleasant View Heights","Waunakee WI 53597","$375,000","$396,000","$396,000","3","2","2.0","0","2","960","622","1,582","0809-054-4397-6","0.23","5","Waunakee","Waunakee","2025","5","5/13/2026","5/18/2026","5/13/2027","6/16/2026","327,800","$250.32","412.50","Yes","53597","1957","Arms Length","Conventional","Waunakee","$250.32","No","Dane"
"Sold","2017228","209 Breunig Boulevard","$397,900","HERITAGE HILLS","Waunakee WI 53597","$397,900","$397,900","$397,900","3","2","2.5","1","2","1,620","145","1,765","0809-043-4300-1","0.08","0","Waunakee","Waunakee","2025","0","1/6/2026","1/6/2026","2/25/2026","2/20/2026","84,500","$225.44","245.62","No","53597","2026","Arms Length","Conventional","Waunakee","$225.44","No","Dane"
"Sold","2018913","818 Indigo Lane","$397,900","Heritage Hills","Waunakee WI 53597","$397,900","$397,900","$397,900","3","2","2.5","1","2","1,517","127","1,644","0809-043-4401-1","0.06","11","Waunakee","Waunakee","2025","11","3/20/2026","4/6/2026","5/12/2026","5/8/2026","73,500","$242.03","262.29","No","53597","2025","Arms Length","Conventional","Waunakee","$242.03","No","Dane"
"Sold","2014629","434 Crusader Point","$399,900","Heritage Hills","Waunakee WI 53597","$399,900","$399,900","$399,900","4","2","2.5","1","2","2,033","0","2,033","0809-054-7276-1","0.07","0","Waunakee","Waunakee","2025","0","11/17/2025","11/17/2025","1/9/2026","1/7/2026","64,500","$196.70","196.70","No","53597","2026","Arms Length","Conventional","Waunakee","$196.70","No","Dane"
"Sold","2017073","814 Indigo Lane","$399,900","HERITAGE HILLS","Waunakee WI 53597","$399,900","$399,900","$399,900","3","2","2.5","1","2","1,620","145","1,765","0809-043-4389-1","0.06","0","Waunakee","Waunakee","2025","0","1/2/2026","1/2/2026","2/23/2026","2/18/2026","73,500","$226.57","246.85","No","53597","2026","Arms Length","Conventional","Waunakee","$226.57","No","Dane"
"Sold","1992957","404 Crusader Point","$404,900","Heritage Hills","Waunakee WI 53597","$399,900","$399,900","$399,900","3","2","2.5","1","2","1,620","145","1,765","0809-054-0829-1","0.06","195","Waunakee","Call School District","2024","195","2/6/2025","8/20/2025","10/3/2025","9/30/2025","52,000","$226.57","246.85","No","53597","2024","Arms Length","Conventional","Waunakee","$226.57","No","Dane"
"Expired","2024034","201 N Division Street","$399,900","Heritage Hills","Waunakee WI 53597","$399,900","$399,900",,"3","2","2.5","1","2","1,532","0","1,532","0809-054-6143-1","0.07","10","Waunakee","Waunakee","2025","10","5/20/2026",,"6/9/2026",,"388,600",,,,"53597","2021",,,"Waunakee","$261.03","No","Dane"
"Sold","2015740","108 4th Street","$414,900",,"Waunakee WI 53597","$414,900","$403,000","$403,000","3","1","1.5","1","1","1,372","0","1,372","0809-082-1265-7","0.20","24","Waunakee","Waunakee","2025","24","1/27/2026","2/24/2026","7/31/2026","4/3/2026","275,100","$293.73","293.73","No","53597","1938","Arms Length","Conventional","Waunakee","$293.73","No","Dane"
"Sold","2017719","812 Indigo Lane","$404,900","HERITAGE HILLS","Waunakee WI 53597","$404,900","$404,900","$404,900","3","2","2.5","1","2","1,620","145","1,765","0809-043-4378-1","0.06","19","Waunakee","Waunakee","2025","19","3/4/2026","3/23/2026","4/21/2026","4/17/2026","73,500","$229.41","249.94","No","53597","2026","Arms Length","Conventional","Waunakee","$229.41","No","Dane"
"Sold","2008284","436 Crusader Point","$404,900","Heritage Hills","Waunakee WI 53597","$404,900","$404,900","$404,900","3","2","2.5","1","2","1,620","145","1,765","0809-054-7265-1","0.07","60","Waunakee","Waunakee","2025","60","9/8/2025","11/7/2025","12/10/2025","12/8/2025","77,500","$229.41","249.94","No","53597","2025","Arms Length","Conventional","Waunakee","$229.41","No","Dane"
"Active","MM1973418","309 S Klein Drive","$409,900",,"Waunakee WI 53597","$409,900","$409,900",,"3","2","2.5","1","2","1,770","776","2,546","191080907106907","0.29","8","Waunakee","Waunakee",,"8","7/25/2026",,"1/1/2079",,,,,,"53597","1974",,,"Waunakee","$161.00","No","Dane"
"Sold","2017133","211 Breunig Boulevard","$409,900","Heritage Hills","Waunakee WI 53597","$409,900","$409,900","$409,900","3","2","2.5","1","2","1,620","145","1,765","0809-043-4301-1","0.07","10","Waunakee","Waunakee","2025","10","2/24/2026","3/6/2026","4/29/2026","4/24/2026","97,000","$232.24","253.02","No","53597","2025","Arms Length","Conventional","Waunakee","$232.24","No","Dane"
"Sold","2014373","301 Breunig Boulevard","$409,900","Heritage Hills","Waunakee WI 53597","$409,900","$409,900","$409,900","3","2","2.5","1","2","1,620","145","1,765","0809-043-4067-1","0.06","49","Waunakee","Waunakee","2025","49","1/6/2026","2/24/2026","3/27/2026","3/24/2026","94,500","$232.24","253.02","No","53597","2026","Arms Length","Conventional","Waunakee","$232.24","No","Dane"
"Sold","2002196","715 Cozy Farm Road","$439,900","HAVEN AT HERITAGE HILLS","Waunakee WI 53597","$409,900","$409,900","$409,900","2","2","2.0","0","2","1,372","0","1,372","0809-043-4189-1","0.10","233","Waunakee","Waunakee","2025","233","6/16/2025","2/4/2026","4/3/2026","4/2/2026","0","$298.76","298.76","No","53597","2025","Arms Length","Cash","Waunakee","$298.76","No","Dane"
"Active","2030721","106 W 2nd Street","$414,900",,"Waunakee WI 53597","$414,900","$414,900",,"3","1","1.5","1","2","1,478","0","1,478","0809-082-0623-5","0.25","2","Waunakee","Waunakee","2026","2","8/18/2026",,"8/18/2027",,"340,400",,,,"53597","1850",,,"Waunakee","$280.72","No","Dane"
"Offer-Show","2028473","201 E 3rd Street","$415,000","n/a","Waunakee WI 53597","$415,000","$415,000",,"4","2","2.0","0","2","2,184","0","2,184","0809-082-0473-7","0.15","34","Waunakee","Waunakee","2025","34","7/17/2026","7/22/2026","12/17/2026",,"348,700",,,"No","53597","1900",,,"Waunakee","$190.02","No","Dane"
"Active","2030430","303 Breunig Boulevard","$415,000","HERITAGE HILLS","Waunakee WI 53597","$415,000","$415,000",,"3","2","2.5","1","2","1,620","145","1,765","0809-043-4078-1","0.06","8","Wausaukee","Waunakee","2026","8","8/12/2026",,"2/12/2027",,"396,400",,,,"53597","2025",,,"Waunakee","$235.13","No","Dane"
"Sold","2015132","307 W 3rd Street","$410,000",,"Waunakee WI 53597","$410,000","$416,000","$416,000","4","2","2.0","0","1","1,614","0","1,614","0809-082-3244-8","0.25","0","Waunakee","Waunakee","2025","0","1/19/2026","1/21/2026","1/19/2027","3/6/2026","307,900","$257.74","257.74","Yes","53597","1920","Arms Length","Conventional","Waunakee","$257.74","No","Dane"
"Sold","2003822","102 Simon Crestway","$415,000",,"Waunakee WI 53597","$415,000","$425,000","$425,000","3","2","2.0","0","2","1,218","218","1,436","0809-083-6344-0","0.24","151","Waunakee","Waunakee","2024","151","7/6/2025","12/4/2025","12/31/2025","1/8/2026","259,000","$295.96","348.93","Yes","53597","1977","Arms Length","Conventional","Waunakee","$295.96","No","Dane"
"Expired","2023609","1204 Centennial Parkway","$425,000",,"Waunakee WI 53597","$425,000","$425,000",,"4","3","3.0","0","2","996","819","1,815","0809-074-4689-9","0.28","32","Waunakee","Call School District","2025","32","5/15/2026",,"6/28/2026",,"418,200",,,,"53597","1990",,,"Waunakee","$234.16","No","Dane"
"Sold","2021943","421 Patrick Avenue","$425,000","Pleasant View Heights","Waunakee WI 53597-1025","$425,000","$425,000","$425,000","3","2","2.5","1","2","1,196","632","1,828","0809-054-3046-2","0.25","9","Waunakee","Waunakee","2025","9","4/29/2026","6/19/2026","12/31/2026","7/22/2026","323,400","$232.49","355.35","No","53597-1025","1966","Arms Length","Conventional","Waunakee","$232.49","No","Dane"
"Sold","2008574","604 4th Street","$425,000","Third Addn to Country Aire","Waunakee WI 53597-1222","$425,000","$425,000","$425,000","3","2","2.0","0","2","1,443","300","1,743","0809-071-0514-0","0.24","1","Waunakee","Waunakee","2025","1","9/10/2025","9/13/2025","3/31/2026","10/7/2025","361,400","$243.83","294.53","No","53597-1222","1965","Arms Length","Conventional","Waunakee","$243.83","No","Dane"
"Sold","2027073","1204 Centennial Parkway","$425,000",,"Waunakee WI 53597","$425,000","$435,000","$435,000","4","3","3.0","0","2","996","819","1,815","0809-074-4689-9","0.28","32","Waunakee","Waunakee","2025","0","7/1/2026","7/1/2026","7/1/2027","7/30/2026","418,200","$239.67","436.75","No","53597","1990","Arms Length","Conventional","Waunakee","$239.67","No","Dane"
"Sold","2021179","304 Hartford Cove","$439,500","Capitol Estates","Waunakee WI 53597","$439,500","$439,500","$439,500","4","2","2.0","0","2","1,275","800","2,075","0809-051-5444-9","0.27","3","Waunakee","Waunakee","2025","3","4/20/2026","4/27/2026","4/20/2028","6/9/2026","363,700","$211.81","344.71","Yes","53597","1990","Arms Length","Conventional","Waunakee","$211.81","No","Dane"
"Sold","2007492","1500 Manchester Crossing","$439,900","CASTLE CREEK","Waunakee WI 53597","$439,900","$439,900","$439,900","3","2","2.5","1","2","1,535","450","1,985","0809-084-6762-3","0.30","5","Waunakee","Waunakee","2024","5","8/26/2025","9/13/2025","2/28/2026","10/20/2025","331,500","$221.61","286.58","No","53597","1990","Arms Length","Conventional","Waunakee","$221.61","No","Dane"
"Active","2025628","705 Cozy Farm Road","$439,900","HAVEN AT HERITAGE HILLS","Waunakee WI 53597","$439,900","$439,900",,"2","2","2.0","0","2","1,372","0","1,372","0809-043-4234-1","0.20","70","Waunakee","Waunakee","2026","70","6/11/2026",,"6/11/2027",,"110,500",,,,"53597","2026",,,"Waunakee","$320.63","No","Dane"
"Active","2030846","806 South Street","$439,900","Castle Crest","Waunakee WI 53597","$439,900","$439,900",,"3","1","1.5","2","2","1,232","912","2,144","0809-083-0133-7","0.25","17","Waunakee","Waunakee","2026","1","8/19/2026",,"1/28/2027",,"372,900",,,,"53597","1970",,,"Waunakee","$205.18","No","Dane"
"Sold","1998827","815 Indigo Lane","$449,900","HERITAGE HILLS","Waunakee WI 53597","$439,900","$439,900","$439,900","3","2","2.5","1","2","1,525","0","1,525","0809-043-4145-1","0.07","291","Waunakee","Waunakee","2024","291","5/1/2025","2/16/2026","3/27/2026","3/25/2026","0","$288.46","288.46","No","53597","2025","Arms Length","Conventional","Waunakee","$288.46","No","Dane"
"Sold","2008178","603 6th Street","$424,900",,"Waunakee WI 53597","$424,900","$440,000","$440,000","3","1","1.5","1","3","1,426","713","2,139","0809-071-6322-0","0.24","6","Waunakee","Waunakee","2025","6","9/3/2025","9/14/2025","3/3/2026","10/17/2025","399,300","$205.70","308.56","No","53597","1965","Arms Length","Conventional","Waunakee","$205.70","No","Dane"
"Sold","2011839","502 RUPERT Road","$439,900","DORMAL HEIGHTS","Waunakee WI 53597","$439,900","$440,000","$440,000","3","2","2.0","0","2","1,950","225","2,175","0809-071-4349-3","0.32","15","Waunakee","Waunakee","2025","15","10/31/2025","11/15/2025","4/30/2026","12/19/2025","325,900","$202.30","225.64","Yes","53597","1987","Arms Length","FVA","Waunakee","$202.30","No","Dane"
"Sold","2025051","204 6th Street","$440,000",,"Waunakee WI 53597","$440,000","$440,000","$440,000","3","2","2.0","0","1","1,330","931","2,261","0809-082-4494-4","0.24","5","Waunakee","Waunakee","2025","5","6/2/2026","6/29/2026","12/31/2026","7/31/2026","369,700","$194.60","330.83","No","53597","1959","Arms Length","Conventional","Waunakee","$194.60","No","Dane"
"Sold","2014633","1303 Wexford Drive","$435,000",,"Waunakee WI 53597","$435,000","$440,000","$440,000","3","2","2.0","0","2","1,336","868","2,204","0809-084-4191-8","0.23","0","Waunakee","Waunakee","2025","0","1/9/2026","1/12/2026","7/31/2026","4/3/2026","367,900","$199.64","329.34","No","53597","1977","Arms Length","Cash","Waunakee","$199.64","No","Dane"
"Sold","2022125","517 Hillcrest Drive","$449,900","Pleasant View Heights","Waunakee WI 53597","$449,900","$441,000","$441,000","3","2","2.0","0","2","1,577","260","1,837","0809-054-4232-4","0.23","4","Waunakee","Waunakee","2026","4","4/30/2026","5/10/2026","10/30/2026","6/15/2026","409,600","$240.07","279.64","Yes","53597","1959","Arms Length","Conventional","Waunakee","$240.07","No","Dane"
"Offer-Show","2029309","405 Lexington Drive","$444,000",,"Waunakee WI 53597","$444,000","$444,000",,"3","3","3.0","0","2","1,160","870","2,030","0809-051-5148-8","0.24","20","Waunakee","Waunakee","2026","20","7/31/2026","8/3/2026","7/31/2027",,"363,600",,,,"53597","1985",,,"Waunakee","$218.72","No","Dane"
"Sold","2016733","827 Indigo Lane","$444,900","Heritage Hills","Waunakee WI 53597","$444,900","$444,900","$444,900","3","2","2.5","1","2","1,525","0","1,525","0809-043-4493-1","0.07","24","Waunakee","Waunakee","2025","24","2/18/2026","3/14/2026","4/29/2026","4/27/2026","0","$291.74","291.74","No","53597","2025","Arms Length","Conventional","Waunakee","$291.74","No","Dane"
"Sold","2012544","1007 Eric Lane","$479,800","Centennial Heights","Waunakee WI 53597","$479,800","$445,000","$445,000","5","3","3.5","1","2","1,600","584","2,184","0809-074-4260-6","0.24","99","Waunakee","Waunakee","2025","19","11/14/2025","12/3/2025","2/28/2026","1/8/2026","428,300","$203.75","278.13","Yes","53597","1988","Arms Length","Conventional","Waunakee","$203.75","No","Dane"
"Sold","1999740","614 Hillcrest Drive","$474,900","Heritage Hills","Waunakee WI 53597","$444,900","$445,000","$445,000","3","2","2.5","1","2","1,786","0","1,786","0809-054-6665-1","0.09","127","Waunakee","Waunakee","2024","127","5/14/2025","9/18/2025","5/14/2026","12/30/2025","452,800","$249.16","249.16","Yes","53597","2021","Arms Length","Conventional","Waunakee","$249.16","No","Dane"
"Offer-No Show","2029631","371 Skyview Drive","$449,900","Northridge Estate","Waunakee WI 53597","$449,900","$449,900",,"3","3","3.0","0","3","1,735","1,301","3,036","0809-051-2104-1","0.31","5","Waunakee","Waunakee","2025","5","7/31/2026","8/15/2026","11/30/2026",,"596,500",,,,"53597","2005",,,"Waunakee","$148.19","No","Dane"
"Sold","2013231","823 Indigo Lane","$449,900","HERITAGE HILLS","Waunakee WI 53597","$449,900","$449,900","$449,900","3","2","2.5","1","2","1,510","0","1,510","0809-043-4482-1","0.09","133","Waunakee","Waunakee","2025","133","12/1/2025","4/13/2026","7/17/2026","7/14/2026","0","$297.95","297.95","No","53597","2026","Arms Length","Conventional","Waunakee","$297.95","No","Dane"
"Offer-Show","2023410","605 5th Street","$449,900","Country Aire Plat","Waunakee WI 53597","$449,900","$449,900",,"3","1","1.5","1","3","1,396","576","1,972","0809-071-6223-0","0.24","66","Waunakee","Waunakee","2026","66","5/14/2026","7/8/2026","11/14/2026",,"377,600",,,"No","53597","1964",,,"Waunakee","$228.14","No","Dane"
"Expired","MM1947208","105 Winston Way","$449,900","Castle Crest","Waunakee WI 53597","$449,900","$449,900",,"3","2","2.5","1","2","1,312","300","1,612","191080908363119","0.25","105","Waunakee","Waunakee",,"105","1/9/2026",,"4/24/2026",,,,,,"53597","1979",,,"Waunakee","$279.09","No","Dane"
"Expired","2029298","806 South Street","$450,000","Castle Crest","Waunakee WI 53597","$450,000","$450,000",,"3","1","1.5","2","2","1,232","912","2,144","0809-083-0133-7","0.25","16","Waunakee","Waunakee","2026","16","7/28/2026",,"8/18/2026",,"372,900",,,,"53597","1970",,,"Waunakee","$209.89","No","Dane"
"Sold","2005999","819 Indigo Lane","$454,900","HERITAGE HILLS","Waunakee WI 53597","$454,900","$454,900","$454,900","3","2","2.5","1","2","1,620","0","1,620","0809-043-4167-1","0.07","167","Waunakee","Waunakee","2025","167","8/5/2025","1/19/2026","2/13/2026","2/11/2026","0","$280.80","280.80","No","53597","2025","Arms Length","Conventional","Waunakee","$280.80","No","Dane"
"Sold","2010059","308 7th Street","$464,900",,"Waunakee WI 53597","$464,900","$455,000","$455,000","3","2","2.5","1","2","1,614","968","2,582","0809-082-4894-0","0.24","58","Waunakee","Waunakee","2025","58","9/30/2025","11/27/2025","3/30/2026","12/31/2025","402,300","$176.22","281.91","No","53597","1972","Arms Length","Conventional","Waunakee","$176.22","No","Dane"
"Sold","2015080","400 Raymond Road","$449,900","Dormal Heights","Waunakee WI 53597","$449,900","$457,000","$457,000","3","1","1.5","1","2","1,344","384","1,728","0809-071-2956-2","0.26","9","Waunakee","Waunakee","2025","9","1/14/2026","1/24/2026","7/13/2026","2/6/2026","420,200","$264.47","340.03","Yes","53597","1974","Arms Length","Cash","Waunakee","$264.47","No","Dane"
"Active","2023911","843 Indigo Lane","$459,900","HERITAGE HILLS","Waunakee WI 53597","$459,900","$459,900",,"3","2","2.5","1","2","1,528","0","1,528","0809-043-4537-1","0.07","91","Waunakee","Waunakee","2026","91","5/21/2026",,"5/21/2027",,"100",,,,"53597","2026",,,"Waunakee","$300.98","No","Dane"
"Sold","2017428","835 Indigo Lane","$459,900","HERITAGE HILLS","Waunakee WI 53597","$459,900","$459,900","$459,900","3","2","2.5","1","2","1,624","0","1,624","0809-043-4515-1","0.07","0","Waunakee","Waunakee","2025","0","12/29/2025","12/29/2025","2/27/2026","2/26/2026","0","$283.19","283.19","No","53597","2026","Arms Length","Conventional","Waunakee","$283.19","No","Dane"
"Sold","2017309","822 Indigo Lane","$459,900","HERITAGE HILLS","Waunakee WI 53597","$459,900","$459,900","$459,900","3","2","2.5","1","2","1,528","0","1,528","0809-043-4559-1","0.11","37","Waunakee","Waunakee","2025","37","2/26/2026","4/7/2026","5/19/2026","5/18/2026","0","$300.98","300.98","No","53597","2026","Arms Length","Conventional","Waunakee","$300.98","No","Dane"
"Offer-Show","2028400","903 N Division Street","$459,900","Waunakee Heights","Waunakee WI 53597","$459,900","$459,900",,"4","2","2.5","2","2","1,929","625","2,554","0809-051-7501-5","0.27","21","Waunakee","Waunakee","2025","21","7/17/2026","8/9/2026","12/31/2026",,"437,000",,,"Yes","53597","1992",,,"Waunakee","$180.07","No","Dane"
"Sold","2002054","817 Indigo Lane","$464,900","HERITAGE HILLS","Waunakee WI 53597","$464,900","$464,900","$464,900","3","2","2.5","1","2","1,670","0","1,670","0809-043-4156-1","0.09","227","Waunakee","Waunakee","2025","227","6/13/2025","1/26/2026","3/20/2026","3/17/2026","0","$278.38","278.38","No","53597","2025","Arms Length","Cash","Waunakee","$278.38","No","Dane"
"Sold","2018922","1008 Eric Lane","$525,000",,"Waunakee WI 53597","$499,999","$465,000","$465,000","3","2","2.5","1","2","1,578","789","2,367","0809-074-4052-8","0.23","76","Waunakee","Waunakee","2025","76","3/20/2026","6/4/2026","8/20/2026","6/30/2026","401,500","$196.45","294.68","No","53597","1987","Arms Length","Conventional","Waunakee","$196.45","No","Dane"
"Sold","2020197","623 Prospect Road","$465,000","Heritage Hills","Waunakee WI 53597","$465,000","$465,000","$465,000","3","2","2.5","1","2","1,786","0","1,786","0809-054-6509-1","0.08","13","Waunakee","Waunakee","2025","13","4/6/2026","4/21/2026","10/6/2026","5/29/2026","530,900","$260.36","260.36","Yes","53597","2022","Arms Length","FVA","Waunakee","$260.36","No","Dane"
"Sold","2024370","308 W Main Street","$465,000",,"Waunakee WI 53597","$465,000","$465,000","$465,000","3","3","3.0","0","2","1,912","0","1,912","0809-082-2345-8","0.26","0","Waunakee","Waunakee","2026","0","4/17/2026","4/17/2026","5/26/2026","5/26/2026","409,700","$243.20","243.20","No","53597","1920","Arms Length","Conventional","Waunakee","$243.20","No","Dane"
"Sold","2011660","700 Indigo Lane","$469,000","Heritage Hills","Waunakee WI 53597","$469,000","$465,000","$465,000","3","2","2.5","1","2","1,812","0","1,812","0809-054-0851-1","0.11","24","Waunakee","Waunakee","2025","24","10/30/2025","12/6/2025","1/31/2026","2/13/2026","478,000","$256.62","256.62","No","53597","2024","Arms Length","Conventional","Waunakee","$256.62","No","Dane"
"Active","2024574","674 Hillcrest Drive","$484,500","Haven at Heritage Hills","Waunakee WI 53597","$469,900","$469,900",,"3","2","2.5","1","2","1,827","0","1,827","0809-054-7423-1","0.07","79","Waunakee","Waunakee","2025","79","5/29/2026",,"10/31/2026",,"491,800",,,,"53597","2024",,,"Waunakee","$257.20","No","Dane"
"Sold","2014063","839 Indigo Lane","$469,900","HERITAGE HILLS","Waunakee WI 53597","$469,900","$469,900","$469,900","3","2","2.5","1","2","1,690","0","1,690","0809-043-4526-1","0.09","35","Waunakee","Waunakee","2025","35","12/23/2025","1/27/2026","4/1/2026","3/30/2026","0","$278.05","278.05","No","53597","2026","Arms Length","Conventional","Waunakee","$278.05","No","Dane"
"Sold","2017548","803 Centennial Parkway","$469,900","Centennial Heights","Waunakee WI 53597","$469,900","$469,900","$469,900","3","2","2.0","0","2","1,520","0","1,520","0809-074-1276-4","0.24","124","Waunakee","Waunakee","2025","32","3/2/2026","4/3/2026","9/2/2026","5/7/2026","368,100","$309.14","309.14","No","53597","1983","Arms Length","Cash","Waunakee","$309.14","Yes","Dane"
"Sold","2022716","729 Cozy Farm Road","$469,900","HERITAGE HILLS","Waunakee WI 53597","$469,900","$469,900","$469,900","3","2","2.5","1","2","1,615","0","1,615","0809-043-4592-1","0.07","77","Waunakee","Waunakee","2025","77","5/7/2026","7/23/2026","8/17/2026","8/11/2026","0","$290.96","290.96","No","53597","2026","Arms Length","Cash","Waunakee","$290.96","No","Dane"
"Active","2003752","709 Cozy Farm Road","$499,900","Haven at Heritage Hills","Waunakee WI 53597","$469,900","$469,900",,"3","2","2.0","0","2","1,713","0","1,713","0809-043-4212-1","0.10","409","Waunakee","Waunakee","2025","409","7/7/2025",,"7/7/2027",,"0",,,,"53597","2025",,,"Waunakee","$274.31","No","Dane"
"Expired","2012804","803 Centennial Parkway","$469,900","Centennial Heights","Waunakee WI 53597","$469,900","$469,900",,"3","2","2.0","0","2","1,520","0","1,520","0809-074-1276-4","0.24","92","Waunakee","Waunakee","2024","92","11/20/2025",,"2/19/2026",,"313,100",,,,"53597","1983",,,"Waunakee","$309.14","Yes","Dane"
"Active","2029132","513 Prospect Road","$490,000","Pleasant View Heights","Waunakee WI 53597","$470,000","$470,000",,"3","2","2.0","0","3","1,350","500","1,850","0809-054-4573-2","0.23","24","Waunakee","Waunakee","2025","24","7/27/2026",,"12/31/2026",,"410,900",,,,"53597","1960",,,"Waunakee","$254.05","No","Dane"
"Sold","2000941","706 Cozy Farm Road","$484,900","HAVEN AT HERITAGE HILLS","Waunakee WI 53597","$474,900","$474,900","$474,900","2","2","2.0","0","2","1,536","0","1,536","0809-043-4445-1","0.14","216","Waunakee","Waunakee","2025","216","5/29/2025","12/31/2025","1/28/2026","1/23/2026","0","$309.18","309.18","No","53597","2025","Arms Length","Conventional","Waunakee","$309.18","No","Dane"
"Sold","2011300","202 W 2nd Street","$475,000",,"Waunakee WI 53597","$475,000","$475,000","$475,000","4","2","2.5","1","2","2,090","346","2,436","0809-082-2175-4","0.25","47","Waunakee","Waunakee","2024","47","10/22/2025","12/8/2025","6/22/2026","1/16/2026","339,900","$194.99","227.27","No","53597","1920","Arms Length","Conventional","Waunakee","$194.99","No","Dane"
"Sold","2008940","106 Kingston Way","$469,900","Castle Crest","Waunakee WI 53597","$469,900","$475,000","$475,000","3","2","2.5","1","2","1,776","392","2,168","0809-083-0665-4","0.25","1","Waunakee","Waunakee","2025","1","9/15/2025","9/18/2025","2/15/2026","11/26/2025","387,900","$219.10","267.45","No","53597","1972","Arms Length","Conventional","Waunakee","$219.10","No","Dane"
"Sold","2019697","826 Indigo Lane","$478,809","HERITAGE HILLS","Waunakee WI 53597","$478,809","$478,809","$478,809","3","2","2.5","1","2","1,615","0","1,615","0809-043-4570-1","0.07","0","Waunakee","Waunakee","2025","0","9/24/2025","9/24/2025","4/1/2026","3/27/2026","0","$296.48","296.48","No","53597","2026","Arms Length","Conventional","Waunakee","$296.48","No","Dane"
"Active","2026787","421 Crane Crossing","$525,000","Heritage Hills","Waunakee WI 53597","$479,900","$479,900",,"3","2","2.5","1","2","1,526","0","1,526","0809-054-0121-1","0.10","57","Waunakee","Waunakee","2026","57","6/24/2026",,"12/26/2026",,"509,900",,,,"53597","2022",,,"Waunakee","$314.48","No","Dane"
"Expired","2011374","1007 Eric Lane","$479,900","Centennial Heights","Waunakee WI 53597","$479,900","$479,900",,"5","3","3.5","1","2","1,600","584","2,184","0809-074-4260-6","0.24","80","Waunakee","Waunakee","2025","21","10/24/2025",,"11/13/2025",,"428,300",,,,"53597","1988",,,"Waunakee","$219.73","No","Dane"
"Sold","2002092","811 Indigo Lane","$479,900","Heritage Hills","Waunakee WI 53597","$479,900","$479,900","$479,900","3","2","2.0","0","2","1,503","0","1,503","0809-043-4123-1","0.12","231","Waunakee","Waunakee","2024","231","6/13/2025","2/4/2026","6/13/2026","3/27/2026","0","$319.29","319.29","No","53597","2025","Arms Length","Conventional","Waunakee","$319.29","No","Dane"
"Sold","2011577","508 Rupert Road","$479,900","Dormal Heights","Waunakee WI 53597","$479,900","$481,000","$481,000","4","2","2.5","1","2","1,056","576","1,632","0809-071-4382-2","0.30","27","Waunakee","Waunakee","2025","27","10/29/2025","11/25/2025","4/30/2026","1/23/2026","445,500","$294.73","455.49","Yes","53597","1987","Arms Length","Conventional","Waunakee","$294.73","No","Dane"
"Sold","2018211","310 Kay Drive","$459,900","Country Aire","Waunakee WI 53597","$459,900","$484,000","$484,000","3","2","2.5","1","2","1,506","1,205","2,711","0809-071-0802-1","0.31","4","Waunakee","Waunakee","2025","4","3/11/2026","3/15/2026","3/11/2028","4/3/2026","408,400","$178.53","321.38","Yes","53597","1986","Arms Length","Conventional","Waunakee","$178.53","No","Dane"
"Expired","2001004","708 Cozy Farm Road","$494,900","HAVEN AT HERITAGE HILLS","Waunakee WI 53597","$484,900","$484,900",,"3","2","2.0","0","2","1,516","0","1,516","0809-043-4456-1","0.13","320","Waunakee","Waunakee","2024","320","5/30/2025",,"5/30/2026",,"0",,,,"53597","2025",,,"Waunakee","$319.85","No","Dane"
"Offer-No Show","2020820","710 Cozy Farm Road","$484,900","Haven at Heritage Hills","Waunakee WI 53597","$484,900","$484,900",,"3","2","2.0","0","2","1,516","0","1,516","0809-043-4467-1","0.13","98","Waunakee","Waunakee","2025","98","4/16/2026","7/23/2026","4/16/2027",,"125,000",,,"No","53597","2025",,,"Waunakee","$319.85","No","Dane"
"Active","2029712","708 Cozy Farm Road","$484,900","HAVEN AT HERITAGE HILLS","Waunakee WI 53597","$484,900","$484,900",,"3","2","2.0","0","2","1,516","0","1,516","0809-043-4456-1","0.13","15","Waunakee","Waunakee","2026","15","8/5/2026",,"8/5/2027",,"430,700",,,,"53597","2025",,,"Waunakee","$319.85","No","Dane"
"Sold","2011356","714 Cozy Farm Road","$484,900","HAVEN AT HERITAGE HILLS","Waunakee WI 53597","$484,900","$484,900","$484,900","2","2","2.0","0","2","1,536","0","1,536","0809-043-4489-1","0.07","101","Waunakee","Waunakee","2025","101","10/24/2025","2/2/2026","2/25/2026","2/20/2026","125,000","$315.69","315.69","No","53597","2025","Arms Length","Conventional","Waunakee","$315.69","No","Dane"
"Sold","2016316","678 Hillcrest Drive","$485,000","Haven at Heritage Hills","Waunakee WI 53597","$485,000","$485,000","$485,000","3","2","2.0","0","2","1,727","0","1,727","0809-054-7445-1","0.09","6","Waunakee","Waunakee","2025","6","2/10/2026","2/16/2026","2/10/2027","3/11/2026","491,300","$280.83","280.83","No","53597","2023","Arms Length","Cash","Waunakee","$280.83","No","Dane"
"Sold","1998850","660 Hillcrest Drive","$515,000","Heritage Hills","Waunakee WI 53597","$485,000","$485,000","$485,000","3","2","2.0","0","2","1,713","0","1,713","0809-054-7367-1","0.09","109","Waunakee","Waunakee","2025","109","5/1/2025","8/24/2025","12/12/2025","12/8/2025","495,000","$283.13","283.13","Yes","53597","2023","Arms Length","Cash","Waunakee","$283.13","No","Dane"
"Sold","2016065","505 Patrick Avenue","$500,000","Heritage Hills","Waunakee WI 53597","$500,000","$485,000","$485,000","3","2","2.5","1","2","1,568","0","1,568","0809-054-0298-1","0.16","15","Waunakee","Waunakee","2025","15","2/5/2026","2/20/2026","2/5/2027","3/30/2026","525,100","$309.31","309.31","No","53597","2022","Arms Length","Conventional","Waunakee","$309.31","No","Dane"
"Sold","2017182","712 Cozy Farm Road","$489,900","HAVEN AT HERITAGE HILLS","Waunakee WI 53597","$489,900","$489,900","$489,900","2","2","2.0","0","2","1,548","0","1,548","0809-043-4478-1","0.07","6","Waunakee","Waunakee","2025","6","2/25/2026","3/3/2026","4/14/2026","4/13/2026","125,000","$316.47","316.47","No","53597","2026","Arms Length","Conventional","Waunakee","$316.47","No","Dane"
"Expired","2009559","1007 Eric Lane","$489,900","Centennial Heights","Waunakee WI 53597","$489,900","$489,900",,"5","3","3.5","1","2","1,600","584","2,184","0809-074-4260-6","0.24","59","Waunakee","Waunakee","2025","28","9/26/2025",,"10/23/2025",,"428,300",,,,"53597","1988",,,"Waunakee","$224.31","No","Dane"
"Active","2025616","305 Raymond Road","$500,000","Dormal Heights","Waunakee WI 53597","$494,000","$494,000",,"4","2","2.5","2","2","1,725","959","2,684","0809-071-3022-9","0.32","66","Waunakee","Waunakee","2026","66","6/9/2026",,"12/31/2026",,"476,700",,,,"53597","1978",,,"Waunakee","$184.05","No","Dane"
"Sold","2009247","5886 Woodland Drive","$579,900","Castle Creek","Waunakee WI 53597","$500,000","$495,000","$495,000","4","3","3.5","1","2","1,890","420","2,310","0809-084-7534-7","0.27","72","Waunakee","Waunakee","2025","72","9/22/2025","12/10/2025","9/21/2026","1/30/2026","421,600","$214.29","261.90","No","53597","1995","Arms Length","Conventional","Waunakee","$214.29","No","Dane"
"Sold","2024558","742 Cozy Farm Road","$496,980","HAVEN AT HERITAGE HILLS","Waunakee WI 53597","$496,980","$496,980","$496,980","2","2","2.0","0","2","1,536","0","1,536","0809-043-4680-1","0.17","0","Waunakee","Waunakee","2026","0","12/17/2025","12/17/2025","5/29/2026","5/28/2026","100","$323.55","323.55","No","53597","2026","Arms Length","Cash","Waunakee","$323.55","No","Dane"
"Sold","2018921","831 Indigo Lane","$497,643","HERITAGE HILLS","Waunakee WI 53597","$497,643","$497,643","$497,643","3","2","2.5","2","2","1,812","459","2,271","0809-043-4504-1","0.09","0","Waunakee","Waunakee","2025","0","10/6/2025","10/6/2025","3/20/2026","3/17/2026","0","$219.13","274.64","No","53597","2026","Arms Length","Conventional","Waunakee","$219.13","No","Dane"
"Active","2018307","738 Cozy Farm Road","$499,900","Haven at Heritage Hills","Waunakee WI 53597","$499,900","$499,900",,"2","2","2.0","0","2","1,548","0","1,548","0809-043-4669-1","0.16","161","Waunakee","Waunakee","2025","161","3/12/2026",,"3/12/2027",,"0",,,,"53597","2026",,,"Waunakee","$322.93","No","Dane"
"Expired","2007279","1007 Eric Lane","$499,900","Centennial Heights","Waunakee WI 53597","$499,900","$499,900",,"5","3","3.5","1","2","1,574","610","2,184","0809-074-4260-6","0.24","31","Waunakee","Waunakee","2024","31","8/22/2025",,"9/25/2025",,"356,800",,,,"53597","1988",,,"Waunakee","$228.89","No","Dane"
"Sold","2019323","830 Indigo Lane","$499,900","HERITAGE HILLS","Waunakee WI 53597","$499,900","$499,900","$499,900","3","2","2.5","1","2","1,860","0","1,860","0809-043-4581-1","0.08","13","Waunakee","Waunakee","2025","13","3/26/2026","4/8/2026","6/22/2026","6/16/2026","0","$268.76","268.76","No","53597","2026","Arms Length","Conventional","Waunakee","$268.76","No","Dane"
"Expired","2015436","1703 Cumberland Court","$500,000","3rd Addition to Castle Creek","Waunakee WI 53597","$500,000","$500,000",,"4","2","2.5","1","2","1,936","366","2,302","0809-093-5427-0","0.31","14","Waunakee","Waunakee","2025","14","1/21/2026",,"2/11/2026",,"461,500",,,,"53597","1991",,,"Waunakee","$217.20","No","Dane"
"Sold","2020145","307 S Holiday Drive","$494,900",,"Waunakee WI 53597","$494,900","$500,000","$500,000","4","2","2.5","1","2","1,380","970","2,350","0809-071-8230-7","0.28","7","Waunakee","Waunakee","2025","7","4/7/2026","4/29/2026","10/9/2026","5/18/2026","371,000","$212.77","362.32","Yes","53597","1978","Arms Length","Cash","Waunakee","$212.77","No","Dane"
"Sold","2016438","1703 Cumberland Court","$499,900","3rd Addition to Castle Creek","Waunakee WI 53597","$499,900","$504,000","$504,000","4","2","2.5","1","2","1,936","366","2,302","0809-093-5427-0","0.31","17","Waunakee","Waunakee","2025","3","2/12/2026","2/15/2026","7/21/2026","4/20/2026","461,500","$218.94","260.33","No","53597","1991","Arms Length","Conventional","Waunakee","$218.94","No","Dane"
"Sold","2011284","702 Cozy Farm Road","$509,900","HAVEN AT HERITAGE HILLS","Waunakee WI 53597","$507,405","$507,405","$507,405","3","2","2.0","0","2","1,720","0","1,720","0809-043-4423-1","0.07","186","Waunakee","Waunakee","2025","186","10/23/2025","4/27/2026","5/28/2026","5/22/2026","125,000","$295.00","295.00","No","53597","2025","Arms Length","Conventional","Waunakee","$295.00","No","Dane"
"Sold","2020419","1014 Eric Lane","$499,900","Centennial Heights","Waunakee WI 53597","$499,900","$510,000","$510,000","3","2","2.0","0","2","1,335","889","2,224","0809-074-4085-9","0.21","8","Waunakee","Waunakee","2025","8","4/6/2026","5/5/2026","10/6/2026","6/15/2026","411,600","$229.32","382.02","No","53597","1987","Arms Length","Conventional","Waunakee","$229.32","No","Dane"
"Sold","2014590","205 E Verleen Avenue","$530,000","Sixmile Creek","Waunakee WI 53597","$530,000","$515,000","$515,000","4","2","2.5","1","2","1,963","737","2,700","0809-053-0708-8","0.24","71","Waunakee","Waunakee","2025","3","1/8/2026","1/11/2026","7/8/2026","2/26/2026","501,400","$190.74","262.35","No","53597","1994","Arms Length","Conventional","Waunakee","$190.74","No","Dane"
"Active","2023517","718 Cozy Farm Road","$524,900","HAVEN AT HERITAGE HILLS","Waunakee WI 53597","$519,900","$519,900",,"3","2","2.0","0","2","1,720","0","1,720","0809-043-4501-1","0.13","94","Waunakee","Waunakee","2026","94","5/18/2026",,"5/18/2027",,"344,000",,,,"53597","2026",,,"Waunakee","$302.27","No","Dane"
"Sold","2003113","700 Cozy Farm Road","$519,900","Haven at Heritage Hills","Waunakee WI 53597","$519,900","$519,900","$519,900","3","2","2.0","0","2","1,720","0","1,720","0809-043-4412-1","0.18","76","Waunakee","Waunakee","2025","76","6/26/2025","9/10/2025","10/3/2025","9/30/2025","0","$302.27","302.27","No","53597","2025","Arms Length","Cash","Waunakee","$302.27","No","Dane"
"Sold","2023000","716 Cozy Farm Road","$519,900","HAVEN AT HERITAGE HILLS","Waunakee WI 53597","$519,900","$519,900","$519,900","3","2","2.0","0","2","1,720","0","1,720","0809-043-4500-1","0.13","5","Waunakee","Waunakee","2026","5","5/11/2026","5/16/2026","6/22/2026","6/17/2026","343,200","$302.27","302.27","No","53597","2026","Arms Length","Conventional","Waunakee","$302.27","No","Dane"
"Sold","2006926","300 W Verleen Avenue","$529,900","Sixmile Creek","Waunakee WI 53597","$519,900","$520,000","$520,000","4","2","2.5","2","2","1,964","840","2,804","0809-053-2136-6","0.24","8","Waunakee","Waunakee","2024","8","8/18/2025","9/10/2025","2/28/2026","10/31/2025","432,900","$185.45","264.77","No","53597","1996","Arms Length","Conventional","Waunakee","$185.45","No","Dane"
"Sold","2013004","463 Crusader Point","$539,900","Heritage HIlls","Waunakee WI 53597","$524,900","$520,000","$520,000","3","2","2.5","1","2","1,872","0","1,872","0809-054-0466-1","0.17","21","Waunakee","Waunakee","2024","21","11/24/2025","12/15/2025","11/24/2026","2/6/2026","110,000","$277.78","277.78","No","53597","2024","Arms Length","Conventional","Waunakee","$277.78","No","Dane"
"Offer-Bump","2024728","4833 Windsor Prairie Road","$625,000",,"Waunakee WI 53532","$524,900","$524,900",,"3","3","3.0","0","2","2,596","648","3,244","0909-364-2021-6","1.15","65","Waunakee","Waunakee","2025","65","5/30/2026","8/18/2026","11/30/2026",,"418,000",,,,"53532","1975",,,"Waunakee","$161.81","No","Dane"
"Sold","2008501","409 Badger Lane","$550,000","North Ridge Estates","Waunakee WI 53597","$550,000","$530,000","$530,000","3","2","2.5","1","2","1,944","723","2,667","0809-051-4298-1","0.27","24","Waunakee","Waunakee","2024","24","9/11/2025","10/5/2025","1/11/2026","11/21/2025","467,400","$198.73","272.63","No","53597","2004","Arms Length","Conventional","Waunakee","$198.73","No","Dane"
"Sold","2008367","307 7th Street","$569,900",,"Waunakee WI 53597","$569,900","$537,000","$537,000","5","3","3.0","0","2","2,156","958","3,141","0809-082-4844-0","0.24","38","Waunakee","Waunakee","2024","9","9/9/2025","9/18/2025","1/31/2026","10/17/2025","468,900","$170.96","249.07","No","53597","1975","Arms Length","Cash","Waunakee","$170.96","No","Dane"
"Expired","2013895","521 Patrick Avenue","$539,000","Heritage Hills","Waunakee WI 53597","$539,000","$539,000",,"3","2","2.5","1","2","1,872","0","1,872","0809-054-7254-1","0.17","7","Waunakee","Waunakee","2024","7","12/18/2025",,"12/24/2025",,"434,700",,,,"53597","2023",,,"Waunakee","$287.93","No","Dane"
"Expired","2011258","205 E Verleen Avenue","$540,000","SixMile Creek","Waunakee WI 53597","$540,000","$540,000",,"4","2","2.5","1","2","1,963","737","2,700","0809-053-0708-8","0.24","68","Waunakee","Waunakee","2025","68","10/22/2025",,"12/30/2025",,"501,400",,,,"53597","1994",,,"Waunakee","$200.00","No","Dane"
"Sold","2005430","1020 Aldora Lane","$575,000","Westview Meadows","Waunakee WI 53597","$575,000","$543,500","$543,500","3","2","2.5","1","3","2,250","375","2,625","0809-073-6335-1","0.29","112","Waunakee","Waunakee","2024","66","7/29/2025","10/3/2025","7/29/2026","11/4/2025","437,300","$207.05","241.56","No","53597","2002","Arms Length","Conventional","Waunakee","$207.05","No","Dane"
"Offer-No Show","2027945","1905 Manchester Crossing","$545,000","Castle Creek","Waunakee WI 53597","$545,000","$545,000",,"3","2","2.5","2","2","1,655","514","2,169","0809-162-2094-5","0.25","3","Waunakee","Waunakee","2025","3","7/13/2026","7/19/2026","6/30/2027",,"518,400",,,,"53597","1994",,,"Waunakee","$251.27","No","Dane"
"Active","2026609","521 Patrick Avenue","$565,000","Heritage Hills","Waunakee WI 53597","$549,000","$549,000",,"3","2","2.5","1","2","1,872","0","1,872","0809-054-7254-1","0.17","57","Waunakee","Waunakee","2025","57","6/24/2026",,"10/15/2026",,"547,300",,,,"53597","2023",,,"Waunakee","$293.27","No","Dane"
"Expired","2006283","5594 Lavin Way","$564,900",,"Waunakee WI 53597","$549,900","$549,900",,"4","3","3.0","0","2","1,620","910","2,534","0809-211-5408-9","0.41","91","Waunakee","Waunakee","2024","91","8/8/2025",,"11/8/2025",,"332,700",,,,"53597","1977",,,"Waunakee","$217.01","No","Dane"
"Active","2030561","5594 Lavin Way","$549,900","Mary Lake","Waunakee WI 53597","$549,900","$549,900",,"4","3","3.0","0","2","1,560","844","2,404","0809-211-5408-9","0.41","84","Waunakee","Waunakee","2026","6","8/14/2026",,"2/14/2027",,"499,000",,,,"53597","1977",,,"Waunakee","$228.74","No","Dane"
"Sold","2024502","1606 Kohler Court","$575,000","Savannah Village","Waunakee WI 53597","$575,000","$549,900","$549,900","4","3","3.5","1","2","2,154","918","3,072","0809-161-0736-3","0.19","45","Waunakee","Waunakee","2025","6","5/28/2026","6/3/2026","9/27/2026","7/15/2026","566,100","$179.00","255.29","No","53597","1999","Arms Length","Conventional","Waunakee","$179.00","No","Dane"
"Expired","2024265","5594 Lavin Way","$614,900","Mary Lake","Waunakee WI 53597-1264","$549,900","$549,900",,"4","3","3.0","0","2","1,560","844","2,404","0809-211-5408-9","0.41","78","Waunakee","Waunakee","2026","78","5/27/2026",,"8/13/2026",,"499,000",,,,"53597-1264","1977",,,"Waunakee","$228.74","No","Dane"
"Active","2025523","512 Dorn Drive","$550,000","Dormal Heights","Waunakee WI 53597","$550,000","$550,000",,"4","2","2.5","1","3","2,460","0","2,460","0809-071-4855-0","0.29","21","Waunakee","Waunakee","2025","21","6/9/2026",,"12/30/2026",,"543,500",,,,"53597","1990",,,"Waunakee","$223.58","No","Dane"
"Withdrawn by Seller","2021007","512 Dorn Drive","$550,000","Dormal Heights","Waunakee WI 53597","$550,000","$550,000",,"4","2","2.5","1","2","2,460","0","2,460","0809-071-4855-0","0.29","0","Waunakee","Waunakee","2025","0","4/17/2026",,"10/15/2026",,"543,500",,,,"53597","1990",,,"Waunakee","$223.58","No","Dane"
"Sold","2020521","1200 Spahn Drive","$550,000",,"Waunakee WI 53597","$550,000","$555,000","$555,000","4","3","3.5","1","2","1,872","516","2,388","0809-074-5198-1","0.26","5","Waunakee","Waunakee","2025","5","4/11/2026","5/2/2026","10/31/2026","7/10/2026","494,100","$232.41","296.47","No","53597","1993","Arms Length","Conventional","Waunakee","$232.41","No","Dane"
"Sold","2029984","721 Cozy Farm Road","$562,243","HERITAGE HILLS","Waunakee WI 53597","$562,243","$562,243","$562,243","4","2","2.5","1","2","2,055","0","2,055","0809-043-4614-1","0.08","0","Waunakee","Waunakee","2026","0","3/9/2026","3/9/2026","8/7/2026","8/5/2026","400","$273.60","273.60","No","53597","2026","Arms Length","Conventional","Waunakee","$273.60","No","Dane"
"Offer-Show","2024242","1000 Monteray Lane","$579,900","Centennial Heights","Waunakee WI 53597","$569,900","$569,900",,"5","3","3.5","1","2","1,656","700","2,356","0809-074-4414-0","0.27","15","Waunakee","Waunakee","2026","15","5/26/2026","8/15/2026","11/30/2026",,"424,000",,,"No","53597","1991",,,"Waunakee","$241.89","No","Dane"
"Sold","2007234","509 E VERLEEN Avenue","$580,000","HERITAGE HILLS","Waunakee WI 53597","$570,000","$570,000","$570,000","5","3","3.0","0","2","1,511","1,137","2,648","0809-054-7076-1","0.15","37","Waunakee","Waunakee","2024","37","8/22/2025","10/10/2025","2/22/2026","11/3/2025","449,800","$215.26","377.23","No","53597","2023","Arms Length","Conventional","Waunakee","$215.26","No","Dane"
"Sold","2022842","1102 S Holiday Drive","$574,900","Centennial Heights","Waunakee WI 53597","$574,900","$572,000","$572,000","3","2","2.0","0","2","1,376","823","2,199","0809-074-6769-8","0.28","11","Waunakee","Waunakee","2025","11","5/5/2026","6/5/2026","10/31/2026","7/31/2026","431,000","$260.12","415.70","No","53597","1985","Arms Length","Conventional","Waunakee","$260.12","No","Dane"
"Sold","2021259","1115 Prairie View Drive","$574,900",,"Waunakee WI 53597","$574,900","$574,900","$574,900","2","2","2.0","0","3","1,575","0","1,575","0809-094-0212-1","0.21","11","Waunakee","Waunakee","2025","11","4/16/2026","4/29/2026","7/31/2026","6/26/2026","515,700","$365.02","365.02","No","53597","2024","Arms Length","Cash","Waunakee","$365.02","No","Dane"
"Expired","2021487","307 7th Street","$589,000",,"Waunakee WI 53597","$579,000","$579,000",,"5","3","3.0","0","2","2,156","958","3,141","0809-082-4844-0","0.24","22","Waunakee","Waunakee","2025","22","4/23/2026",,"5/14/2026",,"546,400",,,,"53597","1975",,,"Waunakee","$184.34","No","Dane"
"Sold","2023234","404 Doral Court","$579,000","Sixmile Creek","Waunakee WI 53597","$579,000","$579,000","$579,000","3","2","2.5","1","3","2,107","365","2,472","0809-053-6275-0","0.33","6","Waunakee","Waunakee","2025","6","5/14/2026","5/20/2026","5/14/2027","7/6/2026","521,100","$234.22","274.80","No","53597","1993","Arms Length","Conventional","Waunakee","$234.22","No","Dane"
"Sold","2023489","1004 Ganser Drive","$599,900","Centennial Heights","Waunakee WI 53597","$599,900","$585,000","$585,000","3","3","3.0","0","3","1,894","612","2,506","0809-074-3595-4","0.24","11","Waunakee","Waunakee","2026","11","5/14/2026","5/26/2026","11/14/2026","8/14/2026","498,600","$233.44","308.87","No","53597","2000","Arms Length","Cash","Waunakee","$233.44","No","Dane"
"Active","2029177","101 8th Street","$589,000","Prairie Addn Block 24 Lot 1","Waunakee WI 53597","$589,000","$589,000",,"4","3","3.0","0","2","2,028","786","2,814","0809-082-6841-9","0.29","22","Waunakee","Waunakee","2025","22","7/29/2026",,"12/29/2026",,"423,100",,,,"53597","1962",,,"Waunakee","$209.31","No","Dane"
"Offer-No Show","2023774","409 Badger Lane","$599,900","Northridge Estates","Waunakee WI 53597","$589,500","$589,500",,"3","2","2.5","1","2","1,944","723","2,667","0809-051-4298-1","0.27","28","Waunakee","Waunakee","2026","28","5/19/2026","6/16/2026","9/30/2026",,"592,600",,,"No","53597","2004",,,"Waunakee","$221.03","No","Dane"
"Sold","2011536","600 Fox Den Drive","$589,900","Heritage Hills","Waunakee WI 53597","$589,900","$589,900","$589,900","4","2","2.5","1","2","2,045","0","2,045","0809-054-1254-1","0.24","0","Waunakee","Waunakee","2025","0","8/25/2025","8/25/2025","10/29/2025","10/24/2025","100","$288.46","288.46","No","53597","2025","Arms Length","Cash","Waunakee","$288.46","No","Dane"
"Sold","2003736","520 Fox Den Drive","$589,900","HERITAGE HILLS","Waunakee WI 53597","$589,900","$589,900","$589,900","3","2","2.0","0","2","1,841","0","1,841","0509-011-3010-1","0.14","205","Waunakee","Waunakee","2025","205","7/7/2025","1/28/2026","7/7/2026","3/6/2026","39,600","$320.42","320.42","No","53597","2025","Arms Length","Conventional","Waunakee","$320.42","No","Dane"
"Expired","2006535","307 7th Street","$589,900","NA","Waunakee WI 53597","$589,900","$589,900",,"5","3","3.0","0","2","2,156","985","3,141","0809-082-4844-0","0.24","29","Waunakee","Waunakee","2024","29","8/11/2025",,"9/8/2025",,"468,900",,,,"53597","1975",,,"Waunakee","$187.81","No","Dane"
"Sold","2019317","1010 Ganser Drive","$600,000","Centennial Heights","Waunakee WI 53597","$600,000","$590,000","$590,000","4","3","3.5","1","2","1,872","768","2,640","0809-074-5842-0","0.23","5","Waunakee","Waunakee","2025","5","3/26/2026","3/31/2026","11/26/2026","5/26/2026","478,100","$223.48","315.17","No","53597","1997","Arms Length","Conventional","Waunakee","$223.48","No","Dane"
"Sold","2026227","503 E Verleen Avenue","$585,000","Heritage Hills","Waunakee WI 53597","$585,000","$591,000","$591,000","3","2","2.5","1","2","1,880","0","1,880","0809-054-7100-1","0.16","3","Waunakee","Waunakee","2025","3","3/9/2026","3/12/2026","6/9/2026","5/1/2026","560,300","$314.36","314.36","No","53597","2023","Arms Length","Conventional","Waunakee","$314.36","No","Dane"
"Sold","2007698","120 Winston Way","$679,900","Third Addition to Castle Crest","Waunakee WI 53597","$599,900","$592,500","$592,500","3","3","3.0","0","2","1,792","1,434","3,226","0809-083-6621-4","0.46","48","Waunakee","Waunakee","2025","48","8/29/2025","10/25/2025","2/28/2026","12/8/2025","500,200","$183.66","330.64","No","53597","1982","Arms Length","Conventional","Waunakee","$183.66","No","Dane"
"Sold","2015265","1606 Manchester Crossing","$599,900","CASTLE CREEK","Waunakee WI 53597","$599,900","$595,000","$595,000","5","3","3.0","0","2","1,658","1,249","2,907","0809-084-7024-4","0.31","8","Waunakee","Waunakee","2024","8","1/17/2026","3/2/2026","7/31/2026","4/24/2026","426,000","$204.68","358.87","No","53597","1991","Arms Length","Cash","Waunakee","$204.68","No","Dane"
"Sold","2019425","1148 Irene Court","$607,000","Arboretum Village","Waunakee WI 53597","$607,000","$597,000","$597,000","3","3","3.0","0","2","1,656","752","2,408","0809-094-1511-1","0.09","16","Waunakee","Waunakee","2025","16","3/27/2026","4/12/2026","8/31/2026","5/28/2026","137,100","$247.92","360.51","No","53597","2025","Arms Length","Conventional","Waunakee","$247.92","No","Dane"
"Sold","2003037","1152 Prairie View Drive","$609,900","Arboretum Village","Waunakee WI 53597","$599,900","$597,000","$597,000","3","2","2.0","0","2","1,640","0","1,640","0809-094-0989-1","0.18","61","Waunakee","Waunakee","2025","61","6/26/2025","8/26/2025","12/31/2025","10/10/2025","509,900","$364.02","364.02","No","53597","2023","Arms Length","Conventional","Waunakee","$364.02","No","Dane"
"Offer-Show","2023240","1106 Turnberry Court","$615,000","Six Mile Creek","Waunakee WI 53597","$599,000","$599,000",,"4","3","3.0","0","3","1,583","840","2,423","0809-052-7284-8","0.28","98","Waunakee","Waunakee","2025","98","5/13/2026","6/25/2026","9/30/2026",,"543,100",,,,"53597","2001",,,"Waunakee","$247.21","No","Dane"
"Offer-Show","2026993","704 Augusta Drive","$599,900","Sixmile Creek","Waunakee WI 53597","$599,900","$599,900",,"3","2","2.5","2","3","1,622","1,297","2,919","0809-053-3043-6","0.25","14","Waunakee","Waunakee","2026","14","6/29/2026","8/16/2026","12/29/2026",,"523,200",,,,"53597","1997",,,"Waunakee","$205.52","No","Dane"
"Sold","1995439","1311 Hanover Court","$689,900","Savannah Villiage","Waunakee WI 53597","$599,900","$599,900","$599,900","4","3","3.5","2","3","2,794","945","3,739","0809-152-4903-1","0.25","154","Waunakee","Waunakee","2024","154","3/17/2025","9/10/2025","10/6/2025","10/1/2025","568,100","$160.44","214.71","No","53597","2005","Arms Length","Conventional","Waunakee","$160.44","No","Dane"
"Offer-No Show","2019423","1146 Irene Court","$607,000","Arboretum Village","Waunakee WI 53597","$599,900","$599,900",,"3","3","3.0","0","2","1,670","726","2,396","0809-094-1522-1","0.09","119","Waunakee","Waunakee","2025","119","3/27/2026","7/24/2026","8/31/2026",,"151,000",,,,"53597","2025",,,"Waunakee","$250.38","No","Dane"
"Expired","2019590","1606 Kohler Court","$599,900","Savannah Village","Waunakee WI 53597","$599,900","$599,900",,"4","3","3.5","1","2","2,154","918","3,072","0809-161-0736-3","0.19","39","Waunakee","Waunakee","2025","39","3/27/2026",,"5/27/2026",,"566,100",,,,"53597","1999",,,"Waunakee","$195.28","No","Dane"
"Sold","2017882","102 Kensington Lane","$599,900","Castle Crest","Waunakee WI 53597","$599,900","$600,000","$600,000","5","3","3.0","0","2","1,624","1,543","3,167","0809-083-0345-1","0.42","5","Waunakee","Waunakee","2025","5","3/4/2026","3/15/2026","7/26/2026","4/17/2026","545,100","$189.45","369.46","Yes","53597","1977","Arms Length","Conventional","Waunakee","$189.45","No","Dane"
"Sold","2017276","303 North Ridge Drive","$600,000","North Ridge Estates","Waunakee WI 53597","$600,000","$600,000","$600,000","4","3","3.0","0","3","1,836","805","2,641","0809-051-2401-1","0.21","2","Waunakee","Waunakee","2024","2","2/24/2026","2/26/2026","2/26/2026","2/26/2026","493,000","$227.19","326.80","No","53597","2007","Non-Arms Length","Conventional","Waunakee","$227.19","No","Dane"
"Sold","2020833","609 S Meadowbrook Lane","$637,000","Meadowbrook","Waunakee WI 53597","$599,900","$601,000","$601,000","4","3","3.0","0","3","1,948","1,700","3,648","0809-061-2478-1","0.25","9","Waunakee","Waunakee","2025","9","4/16/2026","4/25/2026","4/16/2027","5/27/2026","700,000","$164.75","308.52","No","53597","2005","Arms Length","Conventional","Waunakee","$164.75","No","Dane"
"Sold","2026828","407 Fairbrook Court","$599,900","SixMile Creek","Waunakee WI 53597","$599,900","$605,000","$605,000","4","3","3.5","1","2","2,450","544","2,994","0809-053-6066-3","0.29","6","Waunakee","Waunakee","2025","6","6/23/2026","6/29/2026","12/31/2026","8/14/2026","568,600","$202.07","246.94","No","53597","1993","Arms Length","Conventional","Waunakee","$202.07","No","Dane"
"Sold","2009334","L76 Schreiner Lane","$610,000","Kilkenny Farms WEst","Waunakee WI 53597-123","$610,000","$610,000","$610,000","3","2","2.0","0","2","1,521","0","1,521","080918143761","0.20","4","Waunakee","Waunakee","2025","4","9/23/2025","9/27/2025","5/30/2026","3/27/2026","100","$401.05","401.05","No","53597-123","2025","Arms Length","Conventional","Waunakee","$401.05","No","Dane"
"Sold","2021353","1205 Greenbrier Drive","$609,000","Sixmile Creek","Waunakee WI 53597","$609,000","$615,000","$615,000","4","2","2.5","1","3","2,051","606","2,657","0809-052-7504-1","0.23","4","Waunakee","Waunakee","2025","4","4/19/2026","4/25/2026","10/18/2026","6/5/2026","568,300","$231.46","299.85","No","53597","1999","Arms Length","Conventional","Waunakee","$231.46","No","Dane"
"Sold","2020785","1600 Kohler Court","$620,000","Savannah Village","Waunakee WI 53597","$620,000","$615,000","$615,000","4","3","3.5","1","2","2,182","864","3,126","0809-161-0769-4","0.14","7","Waunakee","Waunakee","2025","7","4/14/2026","4/21/2026","10/14/2026","6/19/2026","569,400","$196.74","281.85","Yes","53597","2002","Arms Length","Conventional","Waunakee","$196.74","No","Dane"
"Sold","2019102","1025 Pasadena Parkway","$579,900","Centennial Heights","Waunakee WI 53597","$579,900","$615,100","$615,100","3","2","2.5","2","2","2,080","832","2,912","0809-074-5231-9","0.24","7","Waunakee","Waunakee","2025","7","3/24/2026","4/7/2026","9/19/2026","6/23/2026","511,000","$211.23","295.72","Yes","53597","1992","Arms Length","Conventional","Waunakee","$211.23","No","Dane"
"Sold","2014745","820 Spahn Drive","$585,000","Centennial Heights","Waunakee WI 53597","$585,000","$620,000","$620,000","3","2","2.5","2","2","2,027","635","2,662","0809-074-6624-2","0.29","8","Waunakee","Waunakee","2025","8","1/8/2026","1/22/2026","5/31/2026","3/11/2026","480,800","$232.91","305.87","Yes","53597","1986","Arms Length","Conventional","Waunakee","$232.91","No","Dane"
"Active","2015385","L16 Yeske Drive","$620,000","Kilkenny Farms West","Waunakee WI 53597-123","$620,000","$620,000",,"3","2","2.0","0","2","1,521","0","1,521","0809-181-4076-1","0.20","209","Waunakee","Waunakee","2025","209","1/23/2026",,"8/29/2026",,"100",,,,"53597-123","2026",,,"Waunakee","$407.63","No","Dane"
"Expired","2018256","L164 Eileen Court","$620,000","Kilkenny Farms West","Waunakee WI 53597-123","$620,000","$620,000",,"3","2","2.5","1","3","1,893","0","1,893","080918148161","0.25","265","Waunakee","Waunakee","2026","99","3/12/2026",,"6/18/2026",,"100",,,,"53597-123","2026",,,"Waunakee","$327.52","No","Dane"
"Expired","1998752","1125 Prairie View Drive","$649,900","Arboretum Village","Waunakee WI 53597-123","$620,000","$620,000",,"4","3","3.0","0","3","1,575","1,080","2,655","080909413121","0.20","124","Waunakee","Waunakee","2024","124","5/1/2025",,"9/1/2025",,"599,700",,,,"53597-123","2023",,,"Waunakee","$233.52","No","Dane"
"Sold","2019292","1500 Kentlands Court","$610,000","Savannah Village","Waunakee WI 53597","$610,000","$624,000","$624,000","4","3","3.5","1","3","2,217","576","2,793","0809-161-2716-3","0.14","10","Waunakee","Waunakee","2025","10","3/23/2026","5/18/2026","8/31/2026","6/18/2026","583,300","$223.42","281.46","No","53597","2002","Arms Length","Conventional","Waunakee","$223.42","No","Dane"
"Sold","2011645","1104 N Fairbrook Drive","$619,900","Six Mile Creek","Waunakee WI 53597","$619,900","$625,000","$625,000","5","3","3.0","0","2","1,709","1,360","3,069","0809-052-4150-5","0.25","8","Waunakee","Waunakee","2025","8","10/28/2025","11/10/2025","3/28/2026","12/19/2025","525,200","$203.65","365.71","Yes","53597","1997","Arms Length","Cash","Waunakee","$203.65","No","Dane"
"Expired","2005160","609 S Meadowbrook Lane","$669,000","Meadowbrook","Waunakee WI 53597","$625,000","$625,000",,"4","3","3.0","0","3","1,948","1,700","3,648","0809-061-2478-1","0.25","119","Waunakee","Waunakee","2024","119","7/23/2025",,"12/31/2025",,"537,200",,,,"53597","2005",,,"Waunakee","$171.33","No","Dane"
"Sold","2009923","1005 Warrior Court","$629,900",,"Waunakee WI 53597","$629,900","$626,150","$626,150","3","2","2.0","0","3","2,110","0","2,110","0809-051-4144-1","0.27","8","Waunakee","Waunakee","2025","8","9/29/2025","10/11/2025","2/28/2026","11/10/2025","584,800","$296.75","296.75","No","53597","2004","Arms Length","Conventional","Waunakee","$296.75","No","Dane"
"Sold","2012596","1030 Ganser Drive","$634,900","Centennial Heights","Waunakee WI 53597","$634,900","$628,900","$628,900","4","3","3.5","1","3","2,363","640","3,003","0809-074-5732-3","0.32","5","Waunakee","Waunakee","2024","5","11/14/2025","12/3/2025","5/31/2026","1/23/2026","513,400","$209.42","266.14","No","53597","1999","Arms Length","Conventional","Waunakee","$209.42","No","Dane"
"Sold","2023941","810 Ganser Drive","$629,000","Centennial Heights","Waunakee WI 53597","$629,000","$629,000","$629,000","3","3","3.0","0","2","1,829","880","2,709","0809-074-3313-4","0.26","6","Waunakee","Waunakee","2025","6","5/20/2026","6/1/2026","10/31/2026","7/31/2026","449,000","$232.19","343.90","Yes","53597","1997","Arms Length","Conventional","Waunakee","$232.19","No","Dane"
"Active","2028210","1158 Bluebird Trail","$635,000","Savannah Village","Waunakee WI 53597","$629,900","$629,900",,"2","3","3.0","0","2","1,710","828","2,538","0809-161-0879-1","0.21","35","Waunakee","Waunakee","2025","35","7/16/2026",,"7/16/2027",,"517,600",,,,"53597","2000",,,"Waunakee","$248.19","No","Dane"
"Offer-Show","2025819","1142 Irene Court","$629,900","Arboretum Village","Waunakee WI 53597","$629,900","$629,900",,"4","3","3.0","0","2","1,655","884","2,539","0809-094-1544-1","0.00","69","Waunakee","Waunakee","2026","69","6/10/2026","7/6/2026","11/10/2026",,"604,200",,,"No","53597","2023",,,"Waunakee","$248.09","No","Dane"
"Expired","2009662","L164 Eileen Court","$640,000","Kilkenny Farms West","Waunakee WI 53597-123","$640,000","$640,000",,"3","2","2.0","0","2","1,640","0","1,640","080918148161","0.25","166","Waunakee","Waunakee","2025","166","9/27/2025",,"3/11/2026",,"100",,,,"53597-123","2025",,,"Waunakee","$390.24","No","Dane"
"Expired","2018258","L154 Schreiner Lane","$640,000","Kilkenny Farms West","Waunakee WI 53597","$640,000","$640,000",,"3","2","2.5","1","3","1,836","0","1,836","080918147661","0.20","99","Waunakee","Waunakee","2026","99","3/12/2026",,"6/18/2026",,"100",,,,"53597","2026",,,"Waunakee","$348.58","No","Dane"
"Sold","2005177","604 Pleasant Valley Parkway","$649,900","Meadowbrook at Pleasant Valley","Waunakee WI 53597","$649,900","$640,000","$640,000","4","3","3.5","1","3","2,259","1,026","3,285","0809-061-0685-1","0.23","32","Waunakee","Waunakee","2024","32","7/24/2025","9/15/2025","7/24/2026","10/27/2025","466,600","$194.82","283.31","No","53597","2004","Arms Length","Conventional","Waunakee","$194.82","No","Dane"
"Sold","2004677","1115 Ballweg Lane","$699,900",,"Waunakee WI 53597","$674,400","$640,000","$640,000","5","3","3.0","0","2","1,610","924","2,534","0809-094-0311-1","0.18","39","Waunakee","Waunakee","2024","39","7/15/2025","8/29/2025","7/15/2026","10/13/2025","531,800","$252.57","397.52","No","53597","2021","Arms Length","Cash","Waunakee","$252.57","No","Dane"
"Sold","2020784","609 Worthington Way","$599,900","Six Mile Creek","Waunakee WI 53597","$599,900","$642,000","$642,000","4","3","3.5","1","3","1,985","625","2,610","0809-053-0894-3","0.25","5","Waunakee","Waunakee","2025","5","4/15/2026","4/21/2026","10/15/2026","6/11/2026","527,400","$245.98","323.43","Yes","53597","1996","Arms Length","Conventional","Waunakee","$245.98","No","Dane"
"Expired","2005092","213 Patrick Avenue","$649,900","Six Mile Creek","Waunakee WI 53597","$644,900","$644,900",,"3","2","2.5","1","2","1,876","874","2,750","0809-053-0192-2","0.26","34","Waunakee","Waunakee","2024","34","7/24/2025",,"12/31/2025",,"437,300",,,,"53597","1993",,,"Waunakee","$234.51","No","Dane"
"Expired","2009661","L163 Fred Schunk Court","$645,000","Kilkenny Farms West","Waunakee WI 53597-123","$645,000","$645,000",,"3","2","2.0","0","3","1,625","0","1,625","080918148111","0.25","107","Waunakee","Waunakee","2025","107","9/27/2025",,"1/11/2026",,"100",,,,"53597-123","2025",,,"Waunakee","$396.92","No","Dane"
"Expired","2007022","303 North Ridge Drive","$675,000","North Ridge Estates","Waunakee WI 53597","$645,000","$645,000",,"4","3","3.0","0","3","1,836","805","2,641","0809-051-2401-1","0.21","84","Waunakee","Waunakee","2024","84","8/20/2025",,"12/3/2025",,"493,000",,,,"53597","2007",,,"Waunakee","$244.23","No","Dane"
"Offer-Show","2023644","1007 Tara Lane","$678,900",,"Waunakee WI 53597","$646,900","$646,900",,"4","3","3.0","0","2","1,544","1,090","2,634","0809-172-1303-1","0.17","89","Waunakee","Waunakee","2026","89","5/19/2026","7/14/2026","11/18/2026",,"490,000",,,"No","53597","2015",,,"Waunakee","$245.60","No","Dane"
"Sold","2023469","1907 Winchester Way","$650,000",,"Waunakee WI 53597","$650,000","$647,500","$647,500","4","3","3.0","0","3","1,791","1,331","3,122","0809-171-0544-3","0.27","1","Waunakee","Waunakee","2025","1","5/15/2026","5/16/2026","11/30/2026","6/30/2026","522,700","$207.40","361.53","No","53597","1995","Arms Length","Conventional","Waunakee","$207.40","No","Dane"
"Expired","2017857","1525 S Holiday Drive","$649,000","Kilkenny Farms West","Waunakee WI 53597","$649,000","$649,000",,"2","1","1.5","1","2","1,570","0","1,570","0809-181-4221-1","0.18","148","Waunakee","Waunakee","2025","148","3/5/2026",,"7/30/2026",,"100",,,,"53597","2026",,,"Waunakee","$413.38","No","Dane"
"Offer-Show","2026665","1107 Westminster Court","$649,900","Six Mile Creek","Waunakee WI 53597","$649,900","$649,900",,"4","3","3.5","1","3","2,080","952","3,032","0809-052-7460-4","0.23","46","Waunakee","Waunakee","2025","46","6/24/2026","7/9/2026","12/24/2026",,"589,400",,,"Yes","53597","2001",,,"Waunakee","$214.35","No","Dane"
"Sold","2023303","920 Lexington Way","$649,900","Waunakee Heights","Waunakee WI 53597","$649,900","$649,900","$649,900","3","3","3.5","1","3","2,348","884","3,232","0809-051-6099-6","0.41","7","Waunakee","Waunakee","2025","7","5/14/2026","6/3/2026","11/14/2026","7/24/2026","574,300","$201.08","276.79","No","53597","1995","Arms Length","Conventional","Waunakee","$201.08","No","Dane"
"Sold","2019280","1210 Wenzel Way","$669,900","Savannah Village","Waunakee WI 53597","$669,900","$650,000","$650,000","5","3","3.5","1","3","2,244","990","3,234","0809-152-2981-1","0.24","6","Waunakee","Waunakee","2025","6","3/25/2026","5/19/2026","9/25/2026","6/18/2026","618,800","$200.99","289.66","No","53597","2004","Arms Length","Cash","Waunakee","$200.99","No","Dane"
"Sold","2013328","1306 Hanover Court","$665,000","Savannah Village","Waunakee WI 53597","$650,000","$650,000","$650,000","5","3","3.5","1","3","2,221","773","2,994","0809-152-4991-1","0.21","105","Waunakee","Waunakee","2024","20","12/2/2025","12/22/2025","5/31/2026","1/16/2026","608,000","$217.10","292.66","Yes","53597","2013","Arms Length","Conventional","Waunakee","$217.10","No","Dane"
"Sold","1991299","518 Fox Den Drive","$669,900","HERITAGE HILLS","Waunakee WI 53597","$653,301","$653,301","$653,301","4","2","2.5","1","2","2,392","0","2,392","0809-054-1133-1","0.17","320","Waunakee","Call School District","2024","320","1/3/2025","11/19/2025","2/11/2026","2/6/2026","0","$273.12","273.12","No","53597","2025","Arms Length","Conventional","Waunakee","$273.12","No","Dane"
"Expired","2006999","1306 Hanover Court","$700,000","Savannah Village","Waunakee WI 53597","$665,000","$665,000",,"5","3","3.5","1","3","2,221","773","2,994","0809-152-4991-1","0.21","85","Waunakee","Waunakee","2024","85","8/18/2025",,"12/2/2025",,"608,000",,,,"53597","2013",,,"Waunakee","$222.11","No","Dane"
"Sold","2014686","901 Innisbrook Court","$649,900","Six Mile Creek","Waunakee WI 53597","$649,900","$667,500","$667,500","4","3","3.5","1","3","2,223","1,124","3,347","0809-052-6590-9","0.26","7","Waunakee","Waunakee","2025","7","1/8/2026","1/17/2026","7/7/2026","4/15/2026","606,300","$199.43","300.27","No","53597","1997","Arms Length","Conventional","Waunakee","$199.43","No","Dane"
"Offer-No Show","2026905","417 Skyview Drive","$671,000","North Ridge Estates","Waunakee WI 53597","$668,500","$668,500",,"5","3","3.5","1","3","1,682","1,485","3,167","0809-051-2214-1","0.32","42","Waunakee","Waunakee","2025","42","6/27/2026","8/8/2026","12/27/2026",,"515,500",,,,"53597","2007",,,"Waunakee","$211.08","Yes","Dane"
"Offer-Show","2026496","610 Pleasant Valley Parkway","$669,900","Meadowbrook","Waunakee WI 53597","$669,900","$669,900",,"4","3","3.5","1","3","2,350","1,104","3,454","0809-061-2132-1","0.25","60","Waunakee","Waunakee","2025","60","6/20/2026","6/28/2026","12/31/2026",,"589,400",,,"No","53597","2003",,,"Waunakee","$193.95","No","Dane"
"Sold","2012535","919 Lochmoore Drive","$679,000","Six Mile Creek","Waunakee WI 53597","$679,000","$670,000","$670,000","5","3","3.0","0","3","2,215","1,750","3,965","0809-052-4750-9","0.35","66","Waunakee","Waunakee","2025","30","11/14/2025","12/14/2025","2/28/2026","2/26/2026","651,800","$168.98","302.48","No","53597","1998","Arms Length","Conventional","Waunakee","$168.98","No","Dane"
"Sold","2002801","1310 Spahn Drive","$689,900","Westview Meadows","Waunakee WI 53597","$689,900","$674,000","$674,000","4","3","3.0","0","2","1,560","913","2,473","0809-073-6456-1","0.26","136","Waunakee","Waunakee","2024","62","6/24/2025","8/25/2025","1/24/2026","10/1/2025","100","$272.54","432.05","No","53597","2025","Arms Length","Cash","Waunakee","$272.54","Yes","Dane"
"Expired","1996071","1033 Kopp Road","$675,000","Golden Ponds addition to Westbridge","Waunakee WI 53597-123","$675,000","$675,000",,"3","2","2.0","0","3","1,692","0","1,692","080906227921","0.30","152","Waunakee","Waunakee","2025","152","3/27/2025",,"8/25/2025",,"100",,,,"53597-123","2025",,,"Waunakee","$398.94","No","Dane"
"Active","2029932","500 Pleasant Valley Parkway","$675,000","Meadowbrook","Waunakee WI 53597","$675,000","$675,000",,"4","3","3.5","2","3","2,638","603","3,241","0809-061-0510-1","0.25","13","Waunakee","Waunakee","2026","13","8/7/2026",,"8/6/2027",,"597,000",,,,"53597","2003",,,"Waunakee","$208.27","No","Dane"
"Expired","2015513","L72 Kopp Road","$675,000","Golden Ponds addition to Westbridge","Waunakee WI 53597-123","$675,000","$675,000",,"3","2","2.0","0","3","1,692","0","1,692","080906227921","0.30","103","Waunakee","Waunakee","2025","103","1/27/2026",,"5/9/2026",,"100",,,,"53597-123","2026",,,"Waunakee","$398.94","No","Dane"
"Active","2027620","1001 PEBBLEBROOK COURTYARD","$685,000","Meadowbrook","Waunakee WI 53597","$675,000","$675,000",,"5","3","3.5","1","3","2,678","1,538","4,216","0809-061-0254-1","0.33","104","Waunakee","Waunakee","2026","43","7/8/2026",,"3/31/2027",,"682,400",,,,"53597","2000",,,"Waunakee","$160.10","No","Dane"
"Offer-Show","2026537","6443 Hickory Lane","$675,000","Hickory Meadows","Waunakee WI 53597","$675,000","$675,000",,"4","3","3.5","1","3","2,584","962","3,546","0909-354-6240-5","0.78","44","Waunakee","Waunakee","2026","44","6/23/2026","7/15/2026","12/23/2026",,"437,200",,,,"53597","1997",,,"Waunakee","$190.36","No","Dane"
"Offer-No Show","2026269","606 Pleasant Valley Parkway","$675,000","Meadowbrook","Waunakee WI 53597","$675,000","$675,000",,"4","3","3.5","1","3","2,446","1,068","3,514","0809-061-0674-1","0.24","0","Waunakee","Waunakee","2025","0","6/19/2026","6/19/2026","6/19/2027",,"666,500",,,"Yes","53597","2003",,,"Waunakee","$192.09","No","Dane"
"Expired","2011583","919 Lochmoore Drive","$689,000","Six Mile Creek","Waunakee WI 53597","$689,000","$689,000",,"4","3","3.0","0","3","2,215","1,750","3,965","0809-052-4750-9","0.35","36","Waunakee","Waunakee","2025","16","10/29/2025",,"11/13/2025",,"651,800",,,,"53597","1998",,,"Waunakee","$173.77","No","Dane"
"Offer-Show","2022899","L72 Kopp Road","$689,000","Golden Ponds addition to Westbridge","Waunakee WI 53597-123","$689,000","$689,000",,"3","2","2.0","0","3","1,739","0","1,739","080906227921","0.30","205","Waunakee","Waunakee","2026","102","5/10/2026","8/1/2026","10/31/2026",,"100",,,"No","53597-123","2026",,,"Waunakee","$396.20","No","Dane"
"Sold","2014286","925 Lexington Way","$685,000","Waunakee Heights","Waunakee WI 53597","$685,000","$690,000","$690,000","4","3","3.5","1","3","2,299","894","3,193","0809-051-6363-5","0.33","4","Waunakee","Waunakee","2025","4","1/2/2026","1/10/2026","6/2/2026","2/20/2026","659,400","$216.10","300.13","No","53597","1997","Arms Length","Conventional","Waunakee","$216.10","No","Dane"
"Sold","2024070","210 Fairbrook Drive","$669,900","Six Mile Creek","Waunakee WI 53597","$669,900","$692,000","$692,000","4","3","3.5","1","2","2,176","850","3,026","0809-053-6132-2","0.33","10","Waunakee","Waunakee","2026","10","5/19/2026","6/8/2026","11/19/2026","7/8/2026","648,000","$228.68","318.01","No","53597","1990","Arms Length","Cash","Waunakee","$228.68","No","Dane"
"Offer-No Show","2029768","1007 Water Wheel Drive","$694,900","Kilkenney Farms","Waunakee WI 53597","$694,900","$694,900",,"4","3","3.0","0","3","1,546","1,156","2,702","0809-172-1941-1","0.21","8","Waunakee","Waunakee","2025","8","8/1/2026","8/11/2026","1/31/2027",,"627,300",,,,"53597","2017",,,"Waunakee","$257.18","No","Dane"
"Sold","2014007","1205 Bongard Drive","$749,900","Savannah Village","Waunakee WI 53597","$749,900","$695,000","$695,000","6","4","4.0","0","3","2,562","1,416","3,978","0809-152-4266-1","0.25","72","Waunakee","Waunakee","2024","72","12/20/2025","4/14/2026","6/30/2026","5/27/2026","607,300","$174.71","271.27","No","53597","2004","Arms Length","Conventional","Waunakee","$174.71","No","Dane"
"Sold","2024834","1917 Winchester Way","$725,000",,"Waunakee WI 53597","$710,000","$697,000","$697,000","5","3","3.0","0","3","1,873","1,498","3,371","0809-171-0599-8","0.25","38","Waunakee","Waunakee","2024","38","5/29/2026","7/6/2026","10/31/2026","8/19/2026","627,900","$206.76","372.13","No","53597","1996","Arms Length","Cash","Waunakee","$206.76","No","Dane"
"Expired","2004698","914 Countryside Crossing","$699,900","Meadowbrook","Waunakee WI 53597","$699,900","$699,900",,"4","3","3.0","0","3","1,966","1,376","3,342","0809-061-2412-1","0.22","59","Waunakee","Waunakee","2025","59","7/14/2025",,"1/31/2026",,"654,500",,,,"53597","2003",,,"Waunakee","$209.43","No","Dane"
"Offer-No Show","2027244","1200 Stone Edge Court","$699,900",,"Waunakee WI 53597","$699,900","$699,900",,"3","2","2.5","1","3","2,243","0","2,243","0809-051-2500-1","0.38","5","Waunakee","Waunakee","2026","5","6/30/2026","7/7/2026","12/30/2026",,"619,000",,,"No","53597","2013",,,"Waunakee","$312.04","No","Dane"
"Active","2023284","1009 Tara Lane","$749,000","Kilkenney","Waunakee WI 53597","$699,900","$699,900",,"5","3","3.0","0","2","1,681","981","2,662","0809-172-1292-1","0.19","65","Waunakee","Waunakee","2025","65","5/12/2026",,"3/1/2027",,"567,000",,,,"53597","2015",,,"Waunakee","$262.92","No","Dane"
"Active","2029605","1003 Tara Lane","$699,900","Kilkenny Farms","Waunakee WI 53597","$699,900","$699,900",,"4","3","3.5","1","2","1,874","630","2,504","0809-172-1325-1","0.19","16","Waunakee","Waunakee","2025","16","8/4/2026",,"7/3/2027",,"568,600",,,,"53597","2016",,,"Waunakee","$279.51","No","Dane"
"Expired","2009851","919 Lochmoore Drive","$699,900","Six Mile Creek","Waunakee WI 53597","$699,900","$699,900",,"4","3","3.0","0","3","2,215","1,750","3,965","0809-052-4750-9","0.35","20","Waunakee","Waunakee","2025","20","9/29/2025",,"10/28/2025",,"651,800",,,,"53597","1998",,,"Waunakee","$176.52","No","Dane"
"Offer-Show","2030488","2511 Dublin Way","$699,900","Kilkenny Farms","Waunakee WI 53597","$699,900","$699,900",,"4","3","3.5","1","3","1,663","626","2,289","0809-172-1050-1","0.32","6","Waunakee","Waunakee","2026","6","8/14/2026","8/17/2026","2/14/2027",,"705,800",,,"No","53597","2022",,,"Waunakee","$305.77","No","Dane"
"Sold","2018629","515 Fox Den Drive","$699,900","HERITAGE HILLS","Waunakee WI 53597","$699,900","$699,900","$699,900","3","2","2.0","0","3","2,118","0","2,118","0809-054-7032-1","0.23","7","Waunakee","Waunakee","2024","7","12/17/2025","12/24/2025","6/30/2026","3/17/2026","120,000","$330.45","330.45","No","53597","2024","Arms Length","Conventional","Waunakee","$330.45","No","Dane"
"Sold","1992627","600 E Verleen Avenue","$699,900","HERITAGE HILLS","Waunakee WI 53597","$699,900","$699,900","$699,900","4","2","2.5","1","2","2,400","0","2,400","0809-054-1232-1","0.18","261","Waunakee","Call School District","2024","261","1/30/2025","10/18/2025","11/20/2025","11/14/2025","0","$291.63","291.63","No","53597","2025","Arms Length","Conventional","Waunakee","$291.63","No","Dane"
"Sold","2012902","1159 Reese Trail","$724,900","Arboretum Village","Waunakee WI 53597-123","$699,900","$699,900","$699,900","5","3","3.0","0","3","1,662","1,094","2,756","080909411011","0.18","36","Waunakee","Waunakee","2024","36","11/21/2025","2/12/2026","3/31/2026","3/27/2026","549,200","$253.96","421.12","No","53597-123","2022","Arms Length","Conventional","Waunakee","$253.96","No","Dane"
"Expired","2019589","1001 PEBBLEBROOK COURTYARD","$700,000","Meadowbrook","Waunakee WI 53597","$700,000","$700,000",,"5","3","3.5","1","3","2,678","1,538","4,216","0809-061-0254-1","0.33","61","Waunakee","Waunakee","2025","61","3/31/2026",,"7/8/2026",,"682,400",,,,"53597","2000",,,"Waunakee","$166.03","No","Dane"
"Expired","1991711","1612 Schreiner Lane","$715,000","Kilenny Farms West","Waunakee WI 53597-123","$715,000","$715,000",,"4","3","3.0","0","3","1,575","1,076","2,651","080918147661","0.21","225","Waunakee","Waunakee","2025","225","1/13/2025",,"8/25/2025",,"100",,,,"53597-123","2025",,,"Waunakee","$269.71","No","Dane"
"Expired","2012034","L162 Fred Schunk Trail","$715,000","Kilkenny Farms West","Waunakee WI 53597-123","$715,000","$715,000",,"4","3","3.0","0","4","1,575","1,080","2,655","080918148061","0.23","82","Waunakee","Waunakee","2025","82","11/6/2025",,"1/26/2026",,"100",,,,"53597-123","2025",,,"Waunakee","$269.30","No","Dane"
"Expired","2007377","1612 Schreiner Lane","$715,000","Kilkenny Farms WEst","Waunakee WI 53597-123","$715,000","$715,000",,"3","2","2.0","0","3","1,702","0","1,702","080918147661","0.20","423","Waunakee","Waunakee","2025","198","8/26/2025",,"3/11/2026",,"100",,,,"53597-123","2025",,,"Waunakee","$420.09","No","Dane"
"Sold","2016380","1232 Dartmouth Drive","$734,900","Savannah Village","Waunakee WI 53597","$734,900","$715,000","$715,000","4","3","3.0","0","3","2,194","1,536","3,730","0809-152-3115-1","0.24","19","Waunakee","Waunakee","2025","19","2/9/2026","3/8/2026","6/5/2026","4/2/2026","694,500","$191.69","325.89","No","53597","2004","Arms Length","Conventional","Waunakee","$191.69","No","Dane"
"Sold","2009044","1204 Frederick Court","$699,000","Blue Ridge Add to Southbridge","Waunakee WI 53597","$699,000","$717,000","$717,000","4","3","3.5","1","3","2,419","858","3,277","0809-174-0366-1","0.33","4","Waunakee","Waunakee","2025","4","9/18/2025","9/22/2025","9/18/2026","10/6/2025","674,200","$218.80","296.40","Yes","53597","2011","Arms Length","Cash","Waunakee","$218.80","No","Dane"
"Sold","2025793","1013 Tara Lane","$729,900","Kilkenny Farms","Waunakee WI 53597","$729,900","$720,000","$720,000","3","3","3.0","0","3","1,737","868","2,605","0809-172-1270-1","0.19","18","Waunakee","Waunakee","2025","18","6/12/2026","6/30/2026","6/12/2027","8/10/2026","645,400","$276.39","414.51","No","53597","2015","Arms Length","Cash","Waunakee","$276.39","No","Dane"
"Expired","2007379","1033 Kopp Road","$720,000","Golden Ponds","Waunakee WI 53597-123","$720,000","$720,000",,"3","2","2.0","0","3","1,805","0","1,805","080906227921","0.30","306","Waunakee","Waunakee","2025","154","8/26/2025",,"1/26/2026",,"100",,,,"53597-123","2025",,,"Waunakee","$398.89","No","Dane"
"Sold","2020008","1209 Hanover Trail","$745,000","Savannah Village","Waunakee WI 53597","$745,000","$722,500","$722,500","5","2","2.5","1","4","2,825","0","2,825","0809-152-3009-1","0.26","19","Waunakee","Waunakee","2025","19","4/2/2026","4/30/2026","10/2/2026","6/8/2026","648,800","$255.75","255.75","Yes","53597","2003","Arms Length","Conventional","Waunakee","$255.75","No","Dane"
"Offer-Show","2025943","1101 Ballweg Lane","$725,000","Arboretum Village","Waunakee WI 53597","$725,000","$725,000",,"5","3","3.0","0","3","1,651","772","2,423","0809-094-0388-1","0.33","56","Waunakee","Waunakee","2025","56","6/16/2026","7/21/2026","6/16/2027",,"662,700",,,"No","53597","2022",,,"Waunakee","$299.22","No","Dane"
"Sold","2021726","1411 Spahn Drive","$735,000",,"Waunakee WI 53597","$699,000","$725,000","$725,000","4","3","3.0","0","3","1,753","920","2,673","0809-073-6001-1","0.26","70","Waunakee","Waunakee","2025","70","4/25/2026","7/14/2026","10/25/2026","8/6/2026","660,600","$271.23","413.58","Yes","53597","2014","Arms Length","Conventional","Waunakee","$271.23","No","Dane"
"Delayed","2028584","1148 Bluebird Trail","$735,000","Savannah Village","Waunakee WI 53597","$735,000","$735,000",,"3","2","2.5","1","2","2,832","583","3,415","0809-161-0505-1","0.37","3","Waunakee","Waunakee","2025","3","7/18/2026",,"1/18/2027",,"703,700",,,,"53597","2002",,,"Waunakee","$215.23","No","Dane"
"Sold","2007415","1104 Reese Trail","$749,900","Arboretum Village","Waunakee WI 53597","$749,900","$735,000","$735,000","3","2","2.0","0","3","1,898","0","1,898","0809-094-0778-1","0.24","135","Waunakee","Waunakee","2024","135","8/26/2025","1/8/2026","3/26/2026","3/6/2026","100","$387.25","387.25","No","53597","2025","Arms Length","Conventional","Waunakee","$387.25","No","Dane"
"Active","2015391","L13 Yeske Drive","$745,000","Kilkenny Farms West","Waunakee WI 53597-123","$745,000","$745,000",,"5","3","3.0","0","3","1,702","1,100","2,802","0809-181-4061-1","0.20","209","Waunakee","Waunakee","2025","209","1/23/2026",,"10/31/2026",,"100",,,,"53597-123","2026",,,"Waunakee","$265.88","No","Dane"
"Sold","2001546","825 Richard Way","$800,000","Westbridge","Waunakee WI 53597","$760,000","$745,000","$745,000","4","3","3.0","0","3","1,897","1,612","3,509","0809-062-6684-1","0.24","175","Waunakee","Waunakee","2024","175","6/6/2025","12/4/2025","6/6/2026","1/20/2026","667,200","$212.31","392.73","No","53597","2014","Arms Length","Conventional","Waunakee","$212.31","No","Dane"
"Sold","2017247","2410 Genevieve Way","$767,000","Kilkenny Farms","Waunakee WI 53597","$749,000","$745,000","$745,000","4","3","3.0","0","3","1,718","1,207","2,925","0809-173-0278-1","0.22","66","Waunakee","Waunakee","2025","66","2/26/2026","5/3/2026","2/26/2027","6/8/2026","661,500","$254.70","433.64","No","53597","2014","Arms Length","Conventional","Waunakee","$254.70","No","Dane"
"Sold","2018931","1206 Water Wheel Drive","$749,900","Kilkenny Farms","Waunakee WI 53597","$749,900","$750,000","$750,000","5","3","3.0","0","3","1,900","1,375","3,275","0809-173-0179-1","0.28","0","Waunakee","Waunakee","2025","0","3/20/2026","3/25/2026","3/20/2027","6/30/2026","722,000","$229.01","394.74","No","53597","2015","Arms Length","Conventional","Waunakee","$229.01","No","Dane"
"Sold","NE50309925","1008 TARA Lane","$798,000",,"Waunakee WI 53597","$765,000","$750,000","$750,000","4","3","4.0","1","3","2,217","950","3,167","191/0809-172-1369-1","0.19","164","Waunakee","Call School District",,"164","6/13/2025","11/24/2025","1/1/2079","11/24/2025",,"$236.82","338.29",,"53597","2015","Arms Length","Conventional","Waunakee","$236.82","No","Dane"
"Sold","2008755","1110 Aldora Lane","$799,900","Westview Meadows","Waunakee WI 53597","$759,900","$752,500","$752,500","5","3","3.5","1","3","2,665","741","3,406","0809-073-6632-1","0.24","57","Waunakee","Waunakee","2025","57","9/15/2025","11/20/2025","3/31/2026","12/30/2025","794,800","$220.93","282.36","No","53597","2014","Arms Length","Conventional","Waunakee","$220.93","No","Dane"
"Expired","2009336","L159 Fred Schunk Court","$755,000","Kilkenny Farms West","Waunakee WI 53597","$755,000","$755,000",,"3","2","2.0","0","3","1,855","0","1,855","080918143761","0.23","269","Waunakee","Waunakee","2025","269","9/23/2025",,"6/18/2026",,"100",,,,"53597","2025",,,"Waunakee","$407.01","No","Dane"
"Expired","2009335","L162 Fred Schunk Court","$755,000","Kilkenny Farms West","Waunakee WI 53597","$755,000","$755,000",,"4","3","3.0","0","4","1,575","1,076","2,651","080918148061","0.23","44","Waunakee","Waunakee","2025","44","9/23/2025",,"11/5/2025",,"100",,,,"53597","2025",,,"Waunakee","$284.80","No","Dane"
"Sold","2022968","1405 Emerald Court","$774,900","Southbridge","Waunakee WI 53597","$774,900","$757,000","$757,000","4","3","3.5","1","3","1,972","1,578","3,550","0809-174-1022-1","0.26","8","Waunakee","Waunakee","2025","8","5/8/2026","6/1/2026","10/31/2026","7/17/2026","667,800","$213.24","383.87","Yes","53597","2009","Arms Length","Conventional","Waunakee","$213.24","No","Dane"
"Sold","2024917","1011 Tara Lane","$765,000","Kilkenny Farms","Waunakee WI 53597","$765,000","$760,000","$760,000","4","3","3.5","1","3","2,235","727","2,962","0809-172-1281-1","0.17","9","Waunakee","Waunakee","2026","9","6/1/2026","6/10/2026","12/1/2026","7/24/2026","677,300","$256.58","340.04","Yes","53597","2016","Arms Length","Conventional","Waunakee","$256.58","No","Dane"
"Active","2027716","1533 S Holiday Drive","$765,000","Kilkenny Farms West","Waunakee WI 53597","$765,000","$765,000",,"3","2","2.0","0","2","1,854","0","1,854","0809-181-4231-1","0.22","42","Waunakee","Waunakee","2025","42","7/9/2026",,"1/9/2027",,"100",,,,"53597","2026",,,"Waunakee","$412.62","Yes","Dane"
"Sold","2015514","L162 Fred Schunk Court","$765,000","Kilkenny Farms West","Waunakee WI 53597-123","$765,000","$765,000","$765,000","3","2","2.0","0","3","2,038","0","2,038","080918148061","0.20","112","Waunakee","Waunakee","2025","112","1/27/2026","5/19/2026","6/30/2026","6/17/2026","100","$375.37","375.37","No","53597-123","2026","Arms Length","Conventional","Waunakee","$375.37","No","Dane"
"Delayed","2028979","1134 Bluebird Trail","$769,900","Savannah Village","Waunakee WI 53597","$769,900","$769,900",,"4","3","3.0","0","3","2,650","0","2,650","0809-161-2056-1","0.32","3","Waunakee","Waunakee","2025","3","7/24/2026",,"12/31/2026",,"701,700",,,,"53597","2007",,,"Waunakee","$290.53","No","Dane"
"Sold","2011742","1610 Monticello Lane","$875,000","Southbridge","Waunakee WI 53597","$800,000","$770,000","$770,000","4","3","3.5","1","3","3,280","832","4,112","0809-162-4893-4","0.60","74","Waunakee","Waunakee","2025","74","10/30/2025","1/18/2026","10/30/2026","2/27/2026","849,700","$187.26","234.76","Yes","53597","1999","Arms Length","Conventional","Waunakee","$187.26","No","Dane"
"Sold","2005947","1020 Waterford Lane","$850,000","Kilkenny Farms","Waunakee WI 53597","$800,000","$773,000","$773,000","5","3","3.0","0","3","1,748","1,520","3,268","0809-172-1655-1","0.21","86","Waunakee","Waunakee","2024","86","8/3/2025","10/29/2025","1/31/2026","11/26/2025","512,700","$236.54","442.22","No","53597","2017","Arms Length","Conventional","Waunakee","$236.54","No","Dane"
"Active","2029813","1223 Woodbridge Trail","$774,900","Savannah Village","Waunakee WI 53597","$774,900","$774,900",,"4","3","3.5","1","3","2,562","1,350","3,912","0809-152-4310-1","0.24","14","Waunakee","Waunakee","2025","14","8/6/2026",,"2/6/2027",,"741,500",,,,"53597","2005",,,"Waunakee","$198.08","No","Dane"
"Active","2030620","5650 Rankin Lane","$774,900",,"Waunakee WI 53597","$774,900","$774,900",,"4","4","4.5","2","3","3,855","1,209","5,064","0809-164-9291-0","0.82","5","Waunakee","Waunakee","2025","5","8/15/2026",,"11/30/2026",,"788,600",,,,"53597","1986",,,"Waunakee","$153.02","No","Dane"
"Sold","2002562","824 Richard Way","$850,000","Westbridge","Waunakee WI 53597","$800,000","$775,000","$775,000","5","3","3.5","2","3","2,200","1,520","3,720","0809-062-6723-1","0.23","194","Waunakee","Waunakee","2024","150","6/20/2025","11/17/2025","12/31/2025","12/22/2025","762,000","$208.33","352.27","No","53597","2014","Arms Length","Conventional","Waunakee","$208.33","No","Dane"
"Sold","2015067","1705 Dunwoody Lane","$800,000","Blue Ridge Addt to Southbridge","Waunakee WI 53597","$780,000","$775,000","$775,000","6","3","3.5","1","3","2,207","1,655","3,862","0809-174-6476-1","0.25","46","Waunakee","Waunakee","2025","46","1/16/2026","3/8/2026","6/30/2026","4/7/2026","751,700","$200.67","351.16","No","53597","2007","Arms Length","Conventional","Waunakee","$200.67","No","Dane"
"Sold","1997081","1204 Thistle Dew Lane","$834,900","Arboretum Village","Waunakee WI 53597","$799,900","$778,000","$778,000","3","2","2.5","1","3","2,140","0","2,140","0809-094-0501-1","0.26","154","Waunakee","Waunakee","2024","154","4/8/2025","9/9/2025","9/19/2025","10/31/2025","100","$363.55","363.55","No","53597","2025","Arms Length","Conventional","Waunakee","$363.55","No","Dane"
"Active","2027330","L164 Eileen Court","$779,000","Kilkenny Farms West","Waunakee WI 53597-123","$779,000","$779,000",,"3","2","2.0","0","3","2,038","0","2,038","080918148161","0.20","312","Waunakee","Waunakee","2026","47","7/4/2026",,"12/31/2026",,"100",,,,"53597-123","2026",,,"Waunakee","$382.24","No","Dane"
"Active","2022283","200 Fairbrook Drive","$780,000",,"Waunakee WI 53597","$780,000","$780,000",,"4","3","3.5","1","3","2,278","1,370","3,648","0809-053-6187-7","0.31","95","Waunakee","Waunakee","2025","95","4/30/2026",,"10/31/2026",,"694,200",,,,"53597","1994",,,"Waunakee","$213.82","No","Dane"
"Expired","2003500","805 Westbridge Trail","$780,000","Golden Ponds","Waunakee WI 53597","$780,000","$780,000",,"4","3","3.0","0","4","1,575","1,076","2,651","081004216581","0.30","246","Waunakee","Waunakee","2025","246","7/2/2025",,"3/4/2026",,"100",,,,"53597","2025",,,"Waunakee","$294.23","No","Dane"
"Sold","2018917","519 Fox Den Drive","$793,185","HERITAGE HILLS","Waunakee WI 53597","$793,185","$793,185","$793,185","4","3","3.5","1","3","3,019","0","3,019","0809-054-1045-1","0.23","0","Waunakee","Waunakee","2025","0","10/6/2025","10/6/2025","3/20/2026","3/19/2026","100","$262.73","262.73","No","53597","2026","Arms Length","Conventional","Waunakee","$262.73","No","Dane"
"Offer-Show","2028773","912 PEBBLEBROOK Drive","$795,000","Meadowbrook","Waunakee WI 53597","$795,000","$795,000",,"4","3","3.0","0","3","1,919","1,329","3,248","0809-061-0718-1","0.29","14","Waunakee","Waunakee","2025","14","7/24/2026","8/13/2026","12/21/2026",,"634,200",,,,"53597","2012",,,"Waunakee","$244.77","No","Dane"
"Sold","2003474","809 Westbridge Trail","$799,000","Golden Pond","Waunakee WI 53597-123","$799,000","$799,000","$799,000","3","2","2.0","0","3","1,954","0","1,954","080906220551","0.30","269","Waunakee","Waunakee","2025","269","7/2/2025","3/28/2026","10/31/2026","8/10/2026","100","$408.90","408.90","No","53597-123","2025","Arms Length","Conventional","Waunakee","$408.90","No","Dane"
"Active","2026677","913 Countryside Crossing","$889,900","Meadowbrook","Waunakee WI 53597","$799,900","$799,900",,"5","3","3.5","1","3","2,606","1,435","4,041","0809-061-2110-1","0.22","58","Waunakee","Waunakee","2025","58","6/23/2026",,"8/31/2026",,"745,800",,,,"53597","2004",,,"Waunakee","$197.95","No","Dane"
"Sold","2008710","1113 N DIVISION Street","$909,500","North Ridge Estates","Waunakee WI 53597","$799,900","$799,900","$799,900","5","3","3.5","1","3","2,216","1,100","3,316","0809-051-0148-1","0.37","219","Waunakee","Waunakee","2024","219","9/14/2025","4/21/2026","9/13/2026","6/15/2026","108,500","$241.22","360.97","No","53597","2025","Arms Length","Conventional","Waunakee","$241.22","No","Dane"
"Sold","2021238","1704 Tierney Drive","$795,000","Southbridge","Waunakee WI 53597","$795,000","$800,000","$800,000","4","4","4.0","0","2","2,394","1,220","3,614","0809-162-4049-1","0.28","8","Waunakee","Waunakee","2025","8","4/20/2026","5/5/2026","9/30/2026","5/29/2026","715,200","$221.36","334.17","No","53597","2004","Arms Length","Conventional","Waunakee","$221.36","No","Dane"
"Expired","2007213","1114 Reese Trail","$800,000","Arboretum Village","Waunakee WI 53597","$800,000","$800,000",,"4","2","2.5","1","4","2,652","0","2,652","0809-094-0723-1","0.25","0","Waunakee","Waunakee","2024","0","8/22/2025",,"2/22/2026",,"100",,,,"53597","2024",,,"Waunakee","$301.66","No","Dane"
"Sold","2019107","527 Fox Den Drive","$814,610","HERITAGE HILLS","Waunakee WI 53597","$814,610","$814,610","$814,610","4","2","2.5","1","2","2,875","0","2,875","0809-054-1001-1","0.26","0","Waunakee","Waunakee","2025","0","10/16/2025","10/16/2025","3/24/2026","3/23/2026","100","$283.34","283.34","No","53597","2026","Arms Length","Conventional","Waunakee","$283.34","No","Dane"
"Sold","2019519","1226 Wenzel Way","$825,000","Savannah Village","Waunakee WI 53597","$825,000","$815,000","$815,000","5","4","4.0","0","3","3,552","1,404","4,956","0809-152-4645-1","0.26","4","Waunakee","Waunakee","2025","4","3/30/2026","4/13/2026","9/30/2026","5/27/2026","881,900","$164.45","229.45","No","53597","2006","Arms Length","Conventional","Waunakee","$164.45","No","Dane"
"Sold","2013159","822 Victor Lane","$824,900","Westbridge","Waunakee WI 53597","$824,900","$817,000","$817,000","5","3","3.0","0","3","2,234","1,316","3,550","0809-062-6651-1","0.24","2","Waunakee","Waunakee","2024","2","11/26/2025","11/28/2025","4/30/2026","2/27/2026","719,900","$230.14","365.71","No","53597","2017","Arms Length","Conventional","Waunakee","$230.14","No","Dane"
"Active","2025914","822 Ronald Overlook","$849,000","Westbridge","Waunakee WI 53597","$819,000","$819,000",,"4","3","3.0","0","3","2,050","1,400","3,450","080906242931","0.24","61","Waunakee","Waunakee","2025","61","6/16/2026",,"12/12/2026",,"818,300",,,,"53597","2020",,,"Waunakee","$237.39","No","Dane"
"Sold","2022732","802 Ronald Overlook","$888,888","Westbridge","Waunakee WI 53597","$849,900","$820,000","$820,000","6","3","3.0","0","3","1,914","1,511","3,425","0809-063-2319-1","0.23","54","Waunakee","Waunakee","2025","54","5/7/2026","6/30/2026","11/7/2026","8/11/2026","914,800","$239.42","428.42","No","53597","2021","Arms Length","Conventional","Waunakee","$239.42","Yes","Dane"
"Sold","2009308","2429 Genevieve Way","$839,000","Kilkenny Farms","Waunakee WI 53597","$839,000","$825,000","$825,000","5","3","3.0","0","3","2,010","1,402","3,412","0809-171-4650-1","0.27","13","Waunakee","Waunakee","2025","13","9/22/2025","10/14/2025","3/22/2026","11/21/2025","755,200","$241.79","410.45","Yes","53597","2017","Arms Length","Cash","Waunakee","$241.79","No","Dane"
"Expired","2018163","1614 Blue Ridge Trail","$850,000","Southbridge","Waunakee WI 53597","$825,000","$825,000",,"5","4","4.5","1","3","3,456","1,298","4,754","0809-162-4772-0","0.26","66","Waunakee","Waunakee","2025","66","3/10/2026",,"6/24/2026",,"797,600",,,,"53597","1998",,,"Waunakee","$173.54","No","Dane"
"Offer-Show","2026626","1614 Blue Ridge Trail","$825,000","Southbridge","Waunakee WI 53597","$825,000","$825,000",,"5","4","4.5","1","3","3,456","1,298","4,754","0809-162-4772-0","0.26","57","Waunakee","Waunakee","2025","57","6/24/2026","6/29/2026","6/24/2027",,"797,600",,,"No","53597","1998",,,"Waunakee","$173.54","No","Dane"
"Sold","2004535","1952 Foggy Mountain Pass","$849,900","Southbridge-Kilkenny Addition","Waunakee WI 53597-2383","$849,900","$825,000","$825,000","5","3","3.5","1","3","2,246","1,575","3,821","0809-163-0989-1","0.23","38","Waunakee","Waunakee","2024","38","7/16/2025","8/23/2025","12/31/2025","10/2/2025","171,500","$215.91","367.32","No","53597-2383","2012","Arms Length","Cash","Waunakee","$215.91","No","Dane"
"Sold","2003826","1612 Savannah Way","$850,000","Southbridge","Waunakee WI 53597","$845,000","$830,000","$830,000","4","3","3.5","1","3","2,385","1,789","4,174","0809-162-7196-1","0.42","36","Waunakee","Waunakee","2024","36","7/8/2025","8/20/2025","12/31/2025","9/25/2025","686,200","$198.85","348.01","No","53597","2003","Arms Length","Conventional","Waunakee","$198.85","No","Dane"
"Sold","2026421","902 N Fairbrook Drive","$774,900","SixMile Creek","Waunakee WI 53597","$774,900","$830,000","$830,000","6","3","3.5","1","3","3,268","1,335","4,603","0809-052-4051-5","0.31","6","Waunakee","Waunakee","2025","6","6/19/2026","6/25/2026","11/30/2026","7/24/2026","737,000","$180.32","253.98","Yes","53597","1997","Arms Length","Cash","Waunakee","$180.32","No","Dane"
"Sold","2003668","1108 Tara Lane","$900,000",,"Waunakee WI 53597","$859,900","$840,000","$840,000","5","3","3.5","1","3","2,320","1,000","3,320","0809-172-6082-1","0.30","77","Waunakee","Waunakee","2024","77","7/4/2025","9/19/2025","7/1/2026","10/17/2025","762,400","$253.01","362.07","Yes","53597","2016","Arms Length","Conventional","Waunakee","$253.01","Yes","Dane"
"Sold","2015368","509 Fox Den Drive","$839,900","Heritage Hills","Waunakee WI 53597","$839,900","$842,000","$842,000","4","2","2.5","1","3","2,907","0","2,907","0809-054-7000-1","0.32","6","Waunakee","Waunakee","2025","6","1/21/2026","2/16/2026","12/31/2026","3/20/2026","821,500","$289.65","289.65","Yes","53597","2023","Arms Length","Conventional","Waunakee","$289.65","No","Dane"
"Active","2029494","709 Pleasant Valley Parkway","$824,900","MeadowBrook","Waunakee WI 53597","$844,444","$844,444",,"4","3","3.5","1","3","2,589","1,148","3,664","0809-061-2357-1","0.21","19","Waunakee","Waunakee","2025","19","8/1/2026",,"12/31/2026",,"758,500",,,,"53597","2013",,,"Waunakee","$230.47","No","Dane"
"Expired","2004256","6504 Harvest Moon Court","$799,000","NATURE VALLEY","Waunakee WI 53597","$849,900","$849,900",,"4","3","3.5","1","3","2,741","1,000","3,741","0909-363-2099-0","0.38","87","Waunakee","Waunakee","2024","60","7/13/2025",,"12/16/2025",,"549,700",,,,"53597","2006",,,"Waunakee","$227.19","No","Dane"
"Sold","2010407","822 Westbridge Trail","$865,000","Westbridge Golden Ponds Addn","Waunakee WI 53597","$849,000","$850,000","$850,000","5","3","3.5","1","3","2,102","1,170","3,272","0809-062-2759-1","0.23","888","Waunakee","Waunakee","2025","116","10/9/2025","2/2/2026","10/9/2026","4/2/2026","100","$259.78","404.38","No","53597","2025","Arms Length","Conventional","Waunakee","$259.78","No","Dane"
"Sold","2015303","2014 Cardinal Way","$839,000","Southbridge","Waunakee WI 53597","$839,000","$860,000","$860,000","5","3","3.5","1","3","2,492","985","3,477","0809-163-0901-1","0.28","2","Waunakee","Waunakee","2025","2","1/22/2026","1/24/2026","1/22/2027","3/6/2026","749,200","$247.34","345.10","No","53597","2012","Arms Length","Other","Waunakee","$247.34","No","Dane"
"Expired","2007711","842 Walter Run","$860,000","Westbridge","Waunakee WI 53597","$860,000","$860,000",,"5","3","3.5","1","3","2,088","1,310","3,398","0809-062-4238-1","0.28","3","Waunakee","Waunakee","2024","3","8/27/2025",,"11/10/2025",,"687,000",,,,"53597","2014",,,"Waunakee","$253.09","No","Dane"
"Sold","2016812","1252 Dartmouth Drive","$899,900",,"Waunakee WI 53597","$899,900","$865,000","$865,000","4","4","4.5","1","3","3,322","1,918","5,290","0809-152-0139-1","0.22","29","Waunakee","Waunakee","2025","29","2/17/2026","3/23/2026","9/17/2026","7/31/2026","967,100","$163.52","260.39","No","53597","2006","Arms Length","Conventional","Waunakee","$163.52","No","Dane"
"Offer-Show","2028417","1314 Hanover Court","$869,000","Savannah Village","Waunakee WI 53597","$869,000","$869,000",,"4","3","3.5","1","3","2,758","977","3,735","0809-152-5035-1","0.27","30","Waunakee","Waunakee","2025","30","7/18/2026","8/7/2026","7/15/2027",,"753,600",,,,"53597","2006",,,"Waunakee","$232.66","No","Dane"
"Sold","2000472","1153 Reese Trail","$919,900",,"Waunakee WI 53597","$899,000","$870,000","$870,000","5","3","3.0","0","3","2,467","1,291","3,758","0809-094-1078-1","0.19","285","Waunakee","Waunakee","2024","123","5/22/2025","9/22/2025","11/30/2025","11/13/2025","100","$231.51","352.66","No","53597","2025","Arms Length","Conventional","Waunakee","$231.51","No","Dane"
"Sold","1999945","815 Steven View","$900,000",,"Waunakee WI 53597-0000","$875,000","$875,000","$875,000","5","3","3.5","1","3","2,818","950","3,768","0809-063-2601-1","0.25","102","Waunakee","Waunakee","2024","102","5/16/2025","8/26/2025","5/16/2026","10/7/2025","751,500","$232.22","310.50","No","53597-0000","2022","Arms Length","Conventional","Waunakee","$232.22","No","Dane"
"Active","2027741","1314 Spahn Drive","$875,000","Westview Meadows","Waunakee WI 53597","$875,000","$875,000",,"4","3","3.0","0","3","1,831","1,485","3,316","0809-073-6478-1","0.27","36","Waunakee","Waunakee","2025","36","7/9/2026",,"12/31/2026",,"764,400",,,,"53597","2022",,,"Waunakee","$263.87","No","Dane"
"Expired","2005789","822 Westbridge Trail","$876,000","Westbridge Golden Ponds Addn","Waunakee WI 53597","$876,000","$876,000",,"5","3","3.5","1","3","2,102","1,170","3,272","0809-062-2759-1","0.23","772","Waunakee","Waunakee","2024","68","8/1/2025",,"10/8/2025",,"100",,,,"53597","2025",,,"Waunakee","$267.73","No","Dane"
"Expired","2010389","1129 Ballweg Lane","$899,900","Arboretum Village","Waunakee WI 53597","$879,900","$879,900",,"5","3","3.0","0","3","2,029","1,675","3,704","0809-094-0234-1","0.25","48","Waunakee","Waunakee","2025","48","10/9/2025",,"12/2/2025",,"732,700",,,,"53597","2023",,,"Waunakee","$237.55","No","Dane"
"Sold","2021433","1150 Reese Trail","$889,800","Arboretum Village","Waunakee WI 53597","$889,800","$884,500","$884,500","4","3","3.0","0","3","2,030","1,114","3,144","0809-094-0578-1","0.22","12","Waunakee","Waunakee","2025","12","4/22/2026","5/18/2026","1/21/2027","6/26/2026","681,400","$281.33","435.71","No","53597","2024","Arms Length","Conventional","Waunakee","$281.33","No","Dane"
"Sold","2002467","905 Westbridge Court","$899,900","Golden Ponds","Waunakee WI 53597","$899,900","$885,000","$885,000","4","3","3.0","0","3","2,054","1,016","3,070","0809-062-2462-1","0.27","158","Waunakee","Waunakee","2024","158","6/19/2025","11/24/2025","6/19/2026","1/14/2026","117,000","$288.27","430.87","No","53597","2025","Arms Length","Conventional","Waunakee","$288.27","No","Dane"
"Sold","2019089","1425 Nels Court","$875,000","Savannah Village","Waunakee WI 53597","$875,000","$885,000","$885,000","5","3","3.5","1","4","2,734","1,350","4,084","0809-152-6501-1","0.29","34","Waunakee","Waunakee","2025","34","3/23/2026","4/26/2026","9/23/2026","6/26/2026","791,900","$216.70","323.70","Yes","53597","2011","Arms Length","Conventional","Waunakee","$216.70","Yes","Dane"
"Offer-No Show","2021526","1405 Yeske Drive","$879,900","Kilkenny Farms West","Waunakee WI 53597-8941","$887,900","$887,900",,"3","2","2.5","1","3","2,066","0","2,066","0809-181-4051-1","0.23","111","Waunakee","Waunakee","2025","111","4/23/2026","8/12/2026","10/23/2026",,"100",,,,"53597-8941","2026",,,"Waunakee","$429.77","No","Dane"
"Sold","2014637","1406 Emerald Court","$895,000","Southbridge","Waunakee WI 53597","$895,000","$895,000","$895,000","5","4","4.5","1","3","3,187","1,023","4,210","0809-174-0967-1","0.22","4","Waunakee","Waunakee","2025","4","1/9/2026","1/13/2026","7/9/2026","3/4/2026","841,700","$212.59","280.83","Yes","53597","2008","Arms Length","Conventional","Waunakee","$212.59","No","Dane"
"Sold","2012752","1151 Reese Trail","$899,000",,"Waunakee WI 53597","$899,000","$899,000","$899,000","5","3","3.0","0","3","2,884","1,422","4,306","0809-094-1067-1","0.17","8","Waunakee","Waunakee","2025","8","11/20/2025","11/28/2025","5/20/2026","1/5/2026","279,700","$208.78","311.72","No","53597","2025","Arms Length","Conventional","Waunakee","$208.78","No","Dane"
"Active","2029832","906 Travis Larson Court","$899,900","Golden Ponds","Waunakee WI 53597","$899,900","$899,900",,"4","3","3.5","1","3","2,338","688","3,026","0809-062-2616-1","0.24","114","Waunakee","Waunakee","2026","14","8/6/2026",,"8/6/2027",,"0",,,,"53597","2026",,,"Waunakee","$297.39","No","Dane"
"Sold","2024226","2113 Peaceful Valley Parkway","$850,000","Southbridge","Waunakee WI 53597","$850,000","$900,000","$900,000","4","2","2.5","1","3","2,030","1,452","3,482","0809-163-3828-1","0.45","6","Waunakee","Waunakee","2025","6","5/26/2026","6/8/2026","11/1/2026","8/7/2026","754,200","$258.47","443.35","Yes","53597","2017","Arms Length","Cash","Waunakee","$258.47","No","Dane"
"Sold","2022533","2610 Genevieve Way","$899,900","Kilkenny Farms","Waunakee WI 53597","$899,900","$900,000","$900,000","4","3","3.5","1","3","2,146","1,933","4,079","0809-172-6689-1","0.27","4","Waunakee","Waunakee","2025","4","5/5/2026","5/26/2026","12/5/2026","7/1/2026","805,300","$220.64","419.38","Yes","53597","2017","Arms Length","Conventional","Waunakee","$220.64","No","Dane"
"Sold","2017662","1208 Thistle Dew Lane","$899,900","Arboretum Village","Waunakee WI 53597","$899,900","$900,000","$900,000","5","3","3.0","0","3","1,961","1,509","3,470","0809-094-0489-1","0.34","6","Waunakee","Waunakee","2025","6","2/28/2026","3/7/2026","8/27/2026","4/2/2026","952,700","$259.37","458.95","Yes","53597","2023","Arms Length","Conventional","Waunakee","$259.37","No","Dane"
"Sold","2017969","1106 Reese Trail","$888,000","Arboretum","Waunakee WI 53597","$888,000","$904,000","$904,000","4","2","2.5","1","3","2,145","830","2,975","0809-094-0767-1","0.29","2","Waunakee","Waunakee","2025","2","3/6/2026","4/17/2026","8/30/2026","6/1/2026","852,200","$303.87","421.45","No","53597","2022","Arms Length","Cash","Waunakee","$303.87","No","Dane"
"Offer-Show","2022810","1729 Alysen Lane","$910,000","Southbridge","Waunakee WI 53597","$910,000","$910,000",,"5","3","3.5","1","3","2,416","1,316","3,732","0809-174-6296-1","0.28","104","Waunakee","Waunakee","2025","104","5/8/2026","5/11/2026","5/8/2027",,"775,600",,,"No","53597","2008",,,"Waunakee","$243.84","No","Dane"
"Sold","2026026","1105 Water Wheel Drive","$924,900","Kilkenny Farms","Waunakee WI 53597","$924,900","$910,000","$910,000","5","3","3.5","1","3","2,452","1,000","3,452","0809-172-6361-1","0.22","5","Waunakee","Waunakee","2026","5","6/16/2026","6/21/2026","12/16/2026","7/28/2026","865,700","$263.62","371.13","No","53597","2019","Arms Length","Conventional","Waunakee","$263.62","No","Dane"
"Active","2027293","1210 Water Wheel Drive","$924,900","Kilkenny Farms","Waunakee WI 53597","$914,900","$914,900",,"4","3","3.5","1","3","2,381","1,143","3,524","0809-173-0201-1","0.27","42","Waunakee","Waunakee","2025","42","7/3/2026",,"7/3/2027",,"797,100",,,,"53597","2017",,,"Waunakee","$259.62","No","Dane"
"Sold","2019575","2303 Freshford Drive","$920,000","Kilkenny Farms","Waunakee WI 53597","$920,000","$920,000","$920,000","4","3","3.5","1","4","2,884","752","3,236","0809-171-4037-1","0.28","0","Waunakee","Waunakee","2025","0","1/24/2026","1/24/2026","3/31/2026","3/31/2026","949,800","$284.30","319.00","No","53597","2018","Arms Length","Conventional","Waunakee","$284.30","No","Dane"
"Sold","2018822","2505 Genevieve Way","$915,000","Kilkenny Farms","Waunakee WI 53597","$915,000","$920,000","$920,000","4","3","3.5","1","3","2,382","1,179","3,561","0809-172-6513-1","0.24","1","Waunakee","Waunakee","2025","1","3/19/2026","3/26/2026","9/19/2026","5/21/2026","824,100","$258.35","386.23","No","53597","2015","Arms Length","Conventional","Waunakee","$258.35","No","Dane"
"Expired","2021819","906 Travis Larson Court","$924,900","Golden Ponds","Waunakee WI 53597","$924,900","$924,900",,"4","3","3.5","1","3","2,338","688","3,026","0809-062-2616-1","0.24","100","Waunakee","Waunakee","2025","100","4/28/2026",,"8/5/2026",,"184,000",,,,"53597","2026",,,"Waunakee","$305.65","No","Dane"
"Active","2030584","5650 Rankin Lane","$924,900",,"Waunakee WI 53597","$924,900","$924,900",,"4","4","4.5","2","3","3,855","1,209","5,064","0809-164-9291-0","1.23","6","Waunakee","Waunakee","2025","6","8/14/2026",,"11/30/2026",,"907,900",,,,"53597","1986",,,"Waunakee","$182.64","No","Dane"
"Sold","2021683","1642 Bellewood Drive","$950,000","Southbridge","Waunakee WI 53597","$950,000","$925,000","$925,000","5","3","3.5","1","3","2,823","1,302","4,125","0809-174-4119-1","0.52","7","Waunakee","Waunakee","2025","7","4/23/2026","4/30/2026","9/23/2026","6/3/2026","897,400","$224.24","327.67","No","53597","2007","Arms Length","Conventional","Waunakee","$224.24","No","Dane"
"Sold","2015316","820 Lynn Street","$925,000","Westbridge","Waunakee WI 53597","$925,000","$925,000","$925,000","5","3","3.0","0","3","2,203","1,557","3,760","0809-062-4606-1","0.24","0","Waunakee","Waunakee","2025","0","1/21/2026","1/27/2026","7/31/2026","5/14/2026","833,100","$246.01","419.88","No","53597","2018","Arms Length","Conventional","Waunakee","$246.01","No","Dane"
"Sold","2004113","1607 Schreiner Lane","$949,900","Kilkenny Farms West","Waunakee WI 53597","$949,900","$935,000","$935,000","4","3","3.5","1","3","2,328","960","3,288","0809-181-4756-1","0.21","183","Waunakee","Waunakee","2024","118","7/11/2025","11/6/2025","7/11/2026","12/31/2025","0","$284.37","401.63","No","53597","2025","Arms Length","Conventional","Waunakee","$284.37","No","Dane"
"Sold","2016528","1323 Spahn Drive","$879,900","Westview Meadows","Waunakee WI 53597","$879,900","$937,638","$937,638","4","3","3.0","0","3","2,102","1,424","3,526","0809-073-6423-1","0.29","60","Waunakee","Waunakee","2025","60","2/13/2026","4/14/2026","8/13/2026","6/12/2026","100","$265.92","446.07","No","53597","2026","Arms Length","Conventional","Waunakee","$265.92","Yes","Dane"
"Sold","2014098","2112 Kilkenny Trail","$950,000","Southbridge","Waunakee WI 53597","$950,000","$945,000","$945,000","4","3","3.5","1","3","3,244","1,186","4,430","0809-163-3399-1","0.32","22","Waunakee","Waunakee","2025","22","12/21/2025","1/12/2026","12/21/2026","3/27/2026","946,600","$213.32","291.31","No","53597","2009","Arms Length","Conventional","Waunakee","$213.32","No","Dane"
"Sold","2023305","2401 Freshford Drive","$949,900","Kilkenny Farms","Waunakee WI 53597","$949,900","$949,900","$949,900","4","3","3.5","1","3","2,842","800","3,642","0809-171-2527-1","0.30","6","Waunakee","Waunakee","2026","6","5/14/2026","6/9/2026","11/14/2026","7/10/2026","955,600","$260.82","334.24","Yes","53597","2019","Arms Length","Conventional","Waunakee","$260.82","No","Dane"
"Sold","2014224","1115 Ireland Drive","$949,900","Kilkenny Farms","Waunakee WI 53597","$949,900","$949,900","$949,900","5","3","3.0","0","3","2,287","1,985","4,272","0809-174-2340-1","0.26","179","Waunakee","Waunakee","2025","14","1/1/2026","1/15/2026","6/1/2026","2/5/2026","884,500","$222.35","415.35","No","53597","2014","Arms Length","Conventional","Waunakee","$222.35","No","Dane"
"Expired","2003729","910 Westbridge Court","$949,900",,"Waunakee WI 53597","$949,900","$949,900",,"5","3","3.5","1","3","2,054","1,164","3,218","0809-062-2528-1","0.31","176","Waunakee","Waunakee","2024","176","7/7/2025",,"12/30/2025",,"100",,,,"53597","2025",,,"Waunakee","$295.18","No","Dane"
"Expired","1999772","1115 Ireland Drive","$1,200,000","Kilkenny Farms","Waunakee WI 53597","$949,900","$949,900",,"5","3","3.0","0","3","2,287","1,985","4,272","0809-174-2340-1","0.26","165","Waunakee","Waunakee","2024","165","5/14/2025",,"12/31/2025",,"795,600",,,,"53597","2014",,,"Waunakee","$222.35","No","Dane"
"Sold","2016860","910 Westbridge Court, lot 48","$949,900",,"Waunakee WI 53597","$949,900","$949,900","$949,900","5","3","3.5","1","3","2,054","1,164","3,218","0809-062-2528-1","0.31","22","Waunakee","Waunakee","2025","22","2/19/2026","3/13/2026","8/31/2026","5/28/2026","100","$295.18","462.46","Yes","53597","2025","Arms Length","Conventional","Waunakee","$295.18","No","Dane"
"Sold","2001794","1100 Moll Drive","$975,000","Kilkenny Farms West","Waunakee WI 53597-123","$949,900","$950,000","$950,000","4","3","3.0","0","3","2,074","1,101","3,175","080918146761","0.33","329","Waunakee","Waunakee","2025","227","6/10/2025","1/23/2026","3/31/2026","2/27/2026","100","$299.21","458.05","No","53597-123","2025","Arms Length","Conventional","Waunakee","$299.21","No","Dane"
"Sold","2011948","1602 Schreiner Lane","$995,900","Kilkenny Farms West","Waunakee WI 53597","$995,900","$965,000","$965,000","5","3","3.5","1","3","2,050","1,522","3,572","080918147761","0.28","20","Waunakee","Waunakee","2025","20","11/4/2025","11/24/2025","5/4/2026","12/23/2025","180,500","$270.16","470.73","No","53597","2025","Arms Length","Conventional","Waunakee","$270.16","Yes","Dane"
"Sold","2017609","1408 Spahn Drive","$995,000","Westview Meadows","Waunakee WI 53597","$995,000","$970,000","$970,000","5","3","3.5","1","3","2,867","875","3,742","0809-073-6808-1","0.40","23","Waunakee","Waunakee","2025","23","3/3/2026","4/2/2026","3/3/2027","6/5/2026","922,100","$259.22","338.33","Yes","53597","2015","Arms Length","Cash","Waunakee","$259.22","No","Dane"
"Sold","2024461","1516 Blue Ridge Trail","$985,000","Southbridge","Waunakee WI 53597","$985,000","$977,121","$977,121","4","4","4.5","1","3","3,096","1,230","4,326","0809-171-6117-8","0.33","3","Waunakee","Waunakee","2025","3","5/28/2026","5/31/2026","5/28/2027","7/10/2026","910,800","$225.87","315.61","No","53597","2006","Arms Length","Conventional","Waunakee","$225.87","No","Dane"
"Sold","2021642","1109 Reese Trail","$985,000","Arboretum Village","Waunakee WI 53597","$975,000","$981,781","$981,781","6","3","3.0","0","3","2,105","1,117","3,222","0809-094-0856-1","0.26","29","Waunakee","Waunakee","2025","29","4/23/2026","5/27/2026","8/31/2026","6/25/2026","1,030,100","$304.71","466.40","No","53597","2023","Arms Length","Conventional","Waunakee","$304.71","No","Dane"
"Active","2021511","1409 Yeske Drive","$989,900","Kilkenny Farms West","Waunakee WI 53597-8941","$989,900","$989,900",,"4","3","3.0","0","3","2,100","1,396","3,496","0809-181-4056-1","0.23","119","Waunakee","Waunakee","2025","119","4/23/2026",,"9/23/2026",,"100",,,,"53597-8941","2026",,,"Waunakee","$283.15","No","Dane"
"Expired","1999914","1002 Millies Way","$1,100,000","Westbridge","Waunakee WI 53597","$995,000","$995,000",,"5","3","3.5","1","3","2,812","2,000","4,812","0809-062-6307-1","0.35","147","Waunakee","Waunakee","2025","147","5/15/2025",,"10/8/2025",,"1,049,700",,,,"53597","2015",,,"Waunakee","$206.77","No","Dane"
"Sold","2024533","1002 Millies Way","$995,000","Westbridge","Waunakee WI 53597","$995,000","$995,000","$995,000","5","3","3.5","1","3","2,812","2,000","4,812","0809-062-6307-1","0.35","7","Waunakee","Waunakee","2026","7","2/13/2026","2/20/2026","6/13/2026","5/29/2026","1,049,700","$206.77","353.84","No","53597","2015","Arms Length","Conventional","Waunakee","$206.77","No","Dane"
"Sold","2015976","810 Lynn Street","$998,000","Westbridge","Waunakee WI 53597","$998,000","$998,000","$998,000","4","3","3.5","1","3","2,579","1,394","3,973","0809-063-3092-1","0.24","45","Waunakee","Waunakee","2025","45","2/4/2026","3/21/2026","2/4/2027","5/29/2026","878,400","$251.20","386.97","No","53597","2019","Arms Length","Cash","Waunakee","$251.20","No","Dane"
"Expired","2005627","810 Lynn Street","$1,024,777","Westbridge","Waunakee WI 53597","$998,000","$998,000",,"4","3","3.5","1","3","2,579","1,394","3,973","0809-063-3092-1","0.24","93","Waunakee","Waunakee","2024","93","7/31/2025",,"11/7/2025",,"694,000",,,,"53597","2019",,,"Waunakee","$251.20","No","Dane"
"Expired","2008191","1401 Blue Ridge Trail","$998,500","Southbridge","Waunakee WI 53597","$998,500","$998,500",,"5","3","3.0","0","3","2,334","2,128","4,462","0809-174-4146-1","0.44","133","Waunakee","Waunakee","2024","80","9/3/2025",,"11/21/2025",,"752,100",,,,"53597","2011",,,"Waunakee","$223.78","No","Dane"
"Expired","1996193","901 Westbridge Court","$1,049,000","Golden Ponds","Waunakee WI 53597","$998,900","$998,900",,"5","3","3.5","1","3","2,955","993","3,948","0809-062-2440-1","0.27","151","Waunakee","Waunakee","2024","151","3/24/2025",,"9/30/2025",,"200",,,,"53597","2025",,,"Waunakee","$253.01","No","Dane"
"Active","2025834","L287 Fred Schunk Court","$999,000","Kilkenny Farms West","Waunakee WI 53597-123","$999,000","$999,000",,"5","3","3.0","0","3","2,083","1,500","3,583","080918160571","0.50","67","Waunakee","Waunakee","2026","67","6/14/2026",,"12/31/2026",,"100",,,,"53597-123","2026",,,"Waunakee","$278.82","No","Dane"
"Sold","2015918","1401 Blue Ridge Trail","$1,019,900","Southbridge","Waunakee WI 53597","$1,019,900","$1,010,000","$1,010,000","5","3","3.0","0","3","2,334","2,128","4,462","0809-174-4146-1","0.44","48","Waunakee","Waunakee","2025","48","2/3/2026","3/23/2026","2/3/2027","5/1/2026","823,700","$226.36","432.73","No","53597","2011","Arms Length","Conventional","Waunakee","$226.36","No","Dane"
"Expired","2004253","1401 Blue Ridge Trail","$1,060,000","Southbridge","Waunakee WI 53597","$1,019,900","$1,019,900",,"5","3","3.0","0","3","2,334","2,128","4,462","0809-174-4146-1","0.44","53","Waunakee","Waunakee","2024","53","7/13/2025",,"9/3/2025",,"752,100",,,,"53597","2011",,,"Waunakee","$228.57","No","Dane"
"Sold","2016934","1051 Water Wheel Drive","$1,049,000","Kilkenny Farms","Waunakee WI 53597","$1,049,000","$1,020,000","$1,020,000","6","4","4.0","0","3","2,405","2,017","4,422","0809-171-4246-1","0.31","17","Waunakee","Waunakee","2025","17","2/16/2026","3/18/2026","7/16/2026","5/22/2026","892,400","$230.66","424.12","No","53597","2017","Arms Length","Conventional","Waunakee","$230.66","No","Dane"
"Sold","2019867","1111 Reese Trail","$999,900","Arboretum Village","Waunakee WI 53597","$999,900","$1,025,000","$1,025,000","4","2","2.5","1","2","2,313","1,635","3,948","0809-094-0867-1","0.27","8","Waunakee","Waunakee","2025","8","3/30/2026","4/8/2026","8/30/2026","7/30/2026","945,600","$259.63","443.15","No","53597","2022","Arms Length","Conventional","Waunakee","$259.63","No","Dane"
"Sold","2014296","1113 Reese Trail","$1,049,000","Arboretum Village","Waunakee WI 53597","$1,049,000","$1,035,000","$1,035,000","4","3","3.5","1","3","2,389","1,350","3,739","0809-094-0878-1","0.27","15","Waunakee","Waunakee","2025","15","1/3/2026","1/18/2026","5/31/2026","5/15/2026","949,000","$276.81","433.24","No","53597","2022","Arms Length","Cash","Waunakee","$276.81","No","Dane"
"Expired","2002628","1113 Reese Trail","$1,049,000","Arboretum Village","Waunakee WI 53597","$1,049,000","$1,049,000",,"4","3","3.5","1","3","2,389","1,350","3,739","0809-094-0878-1","0.27","141","Waunakee","Waunakee","2024","141","6/19/2025",,"12/19/2025",,"949,000",,,,"53597","2022",,,"Waunakee","$280.56","No","Dane"
"Active","2028014","1608 Ginger Lane","$1,075,000","Kilkenny Farms West","Waunakee WI 53597","$1,075,000","$1,075,000",,"4","3","3.5","1","3","2,152","1,112","3,264","0809-181-4571-1","0.32","37","Waunakee","Waunakee","2026","37","7/14/2026",,"7/14/2027",,"249,200",,,,"53597","2026",,,"Waunakee","$329.35","No","Dane"
"Expired","2000024","1260 Hanover Trail","$1,175,000","Savannah Village","Waunakee WI 53597","$1,100,000","$1,100,000",,"5","3","3.5","1","4","4,000","1,360","5,360","080915250791","0.26","207","Waunakee","Waunakee","2025","207","5/13/2025",,"12/12/2025",,"969,600",,,,"53597","2007",,,"Waunakee","$205.22","No","Dane"
"Expired","2014934","1260 Hanover Trail","$1,100,000","Savannah Village","Waunakee WI 53597","$1,100,000","$1,100,000",,"5","3","3.5","1","4","3,730","1,755","5,485","080915250791","0.26","96","Waunakee","Waunakee","2025","96","1/15/2026",,"4/20/2026",,"969,600",,,,"53597","2005",,,"Waunakee","$200.55","No","Dane"
"Sold","2011296","908 Travis Larson Court","$1,139,400","Golden Ponds Add. to Westbridge","Waunakee WI 53597","$1,139,400","$1,105,000","$1,105,000","6","3","3.5","1","3","2,202","1,621","3,823","0809-062-2627-1","0.30","68","Waunakee","Waunakee","2025","68","10/23/2025","12/30/2025","4/23/2026","1/30/2026","100","$289.04","501.82","No","53597","2025","Arms Length","Conventional","Waunakee","$289.04","No","Dane"
"Expired","2006004","L57 Travis Larson Court","$1,139,400","Golden Ponds Add. to Westbridge","Waunakee WI 53597","$1,139,400","$1,139,400",,"6","3","3.5","1","3","2,202","1,621","3,823","0809-062-2627-1","0.30","79","Waunakee","Waunakee","2024","79","8/5/2025",,"10/22/2025",,"100",,,,"53597","2025",,,"Waunakee","$298.04","No","Dane"
"Offer-No Show","2016904","6211 Amethyst Drive","$1,149,900","Springfield Ridge","Waunakee WI 53597","$1,149,900","$1,149,900",,"4","3","3.5","1","3","2,076","1,453","3,529","0808-043-4145-0","1.81","22","Waunakee","Waunakee","2025","22","2/16/2026","4/26/2026","9/30/2026",,"906,800",,,,"53597","2016",,,"Waunakee","$325.84","No","Dane"
"Sold","2024752","1736 Alysen Lane","$1,150,000","Southbridge","Waunakee WI 53597","$1,150,000","$1,150,000","$1,150,000","6","4","4.5","1","3","3,240","1,833","5,073","0809-174-6159-1","0.37","2","Waunakee","Waunakee","2026","2","6/1/2026","7/2/2026","12/31/2026","8/3/2026","1,069,400","$226.69","354.94","No","53597","2008","Arms Length","Cash","Waunakee","$226.69","No","Dane"
"Sold","2015684","1105 Guinness Street","$1,250,000","Kilkenny Farms","Waunakee WI 53597","$1,195,000","$1,160,000","$1,160,000","5","4","4.5","1","3","3,502","932","4,434","0809-172-6137-1","0.30","96","Waunakee","Waunakee","2025","96","1/29/2026","5/5/2026","7/29/2026","6/23/2026","1,058,900","$261.61","331.24","No","53597","2015","Arms Length","Cash","Waunakee","$261.61","No","Dane"
"Active","2022693","1601 Ginger Lane","$1,200,000","Kilkenny Farms West","Waunakee WI 53593","$1,175,000","$1,175,000",,"5","3","3.5","1","3","2,723","790","3,513","0809-181-4586-1","0.30","50","Waunakee","Waunakee","2025","50","5/7/2026",,"12/31/2026",,"200",,,,"53593","2026",,,"Waunakee","$334.47","No","Dane"
"Expired","2015560","1102 Winn Drive","$1,299,000","Kilkenny West","Waunakee WI 53597","$1,199,000","$1,199,000",,"5","3","3.5","1","2","2,928","1,414","4,342","0809-181-4741-1","0.29","182","Waunakee","Waunakee","2024","182","1/27/2026",,"7/27/2026",,"217,000",,,,"53597","2025",,,"Waunakee","$276.14","No","Dane"
"Offer-Show","2018608","1403 Atlas Trail","$1,299,900","Kilkenny Farms West","Waunakee WI 53597","$1,199,900","$1,199,900",,"6","3","3.5","1","3","2,637","1,791","4,428","0809-181-4546-1","0.30","156","Waunakee","Waunakee","2025","156","3/17/2026","7/14/2026","3/17/2027",,"100",,,,"53597","2026",,,"Waunakee","$270.98","No","Dane"
"Offer-No Show","2024480","909 Westbridge Court","$1,249,000","Golden Ponds","Waunakee WI 53597","$1,199,900","$1,199,900",,"4","3","3.0","0","3","2,163","1,242","3,405","0809-062-2484-1","0.38","73","Waunakee","Waunakee","2025","33","5/29/2026","7/1/2026","9/30/2026",,"938,400",,,,"53597","2024",,,"Waunakee","$352.39","No","Dane"
"Sold","2003017","1611 Schreiner Lane","$1,350,000","Kilkenny West","Waunakee WI 53597","$1,199,000","$1,205,000","$1,205,000","5","3","3.5","1","3","3,197","1,712","4,909","0809-181-4686-1","0.37","180","Waunakee","Waunakee","2025","180","6/25/2025","12/22/2025","6/25/2026","2/4/2026","0","$245.47","376.92","Yes","53597","2025","Arms Length","Conventional","Waunakee","$245.47","No","Dane"
"Sold","2009778","821 Westbridge Trail","$1,250,000","Golden Ponds Addition to Westbridge","Waunakee WI 53597","$1,250,000","$1,215,000","$1,215,000","6","3","3.5","1","3","2,479","1,786","4,265","080906221211","0.31","228","Waunakee","Waunakee","2024","104","9/30/2025","1/12/2026","5/28/2026","2/6/2026","100","$284.88","490.12","No","53597","2025","Arms Length","Conventional","Waunakee","$284.88","No","Dane"
"Sold","2018712","1300 Moll Drive","$1,278,000","Kilkenny Farms West","Waunakee WI 53597","$1,247,000","$1,215,000","$1,215,000","6","3","3.0","0","3","2,266","1,560","3,826","0809-181-4641-1","0.35","106","Waunakee","Waunakee","2025","106","3/18/2026","7/2/2026","9/18/2026","7/31/2026","100","$317.56","536.19","Yes","53597","2026","Arms Length","Conventional","Waunakee","$317.56","No","Dane"
"Sold","2012858","912 Westbridge Court","$1,250,000","Golden Ponds","Waunakee WI 53597-0000","$1,250,000","$1,240,000","$1,240,000","5","3","3.5","1","3","2,526","1,911","4,437","0809-062-2517-1","0.45","300","Waunakee","Waunakee","2024","78","11/21/2025","2/7/2026","11/21/2026","3/13/2026","200","$279.47","490.89","No","53597-0000","2025","Arms Length","Conventional","Waunakee","$279.47","No","Dane"
"Expired","2017366","909 Westbridge Court","$1,299,900","Golden Ponds","Waunakee WI 53597","$1,249,000","$1,249,000",,"4","3","3.0","0","3","2,163","1,242","3,405","0809-062-2484-1","0.38","40","Waunakee","Waunakee","2025","40","2/23/2026",,"5/28/2026",,"938,400",,,,"53597","2024",,,"Waunakee","$366.81","No","Dane"
"Expired","1997477","912 Westbridge Court","$1,250,000","Golden Ponds","Waunakee WI 53597","$1,250,000","$1,250,000",,"5","3","3.5","1","3","2,526","1,911","4,437","0809-062-2517-1","0.45","222","Waunakee","Waunakee","2024","222","4/14/2025",,"11/21/2025",,"200",,,,"53597","2025",,,"Waunakee","$281.72","No","Dane"
"Expired","2001172","821 Westbridge Trail","$1,250,000","Golden Ponds Addition to Westbridge","Waunakee WI 53597","$1,250,000","$1,250,000",,"6","3","3.5","1","3","2,479","1,786","4,265","080906221211","0.31","124","Waunakee","Waunakee","2024","124","5/29/2025",,"9/30/2025",,"100",,,,"53597","2025",,,"Waunakee","$293.08","No","Dane"
"Sold","2014004","1200 Winn Drive","$1,330,000",,"Waunakee WI 53597","$1,274,000","$1,264,000","$1,264,000","5","4","4.5","1","3","3,406","1,051","4,457","080918147311","0.28","42","Waunakee","Waunakee","2025","42","12/22/2025","4/3/2026","7/31/2026","4/24/2026","200","$283.60","371.11","No","53597","2025","Arms Length","Cash","Waunakee","$283.60","No","Dane"
"Sold","2015359","1401 Atlas Trail","$1,299,000","Kilkenny West","Waunakee WI 53597","$1,299,000","$1,270,000","$1,270,000","5","4","4.5","1","3","2,906","1,280","4,186","0809-181-4551-1","0.27","25","Waunakee","Waunakee","2025","25","1/19/2026","3/6/2026","9/19/2026","4/29/2026","100","$303.39","437.03","No","53597","2025","Arms Length","Conventional","Waunakee","$303.39","No","Dane"
"Sold","2023748","2412 Kilarney Way","$1,390,000","Kilkenny Farms","Waunakee WI 53597","$1,350,000","$1,270,000","$1,270,000","5","3","3.5","1","3","2,964","2,121","5,085","0809-171-2131-1","0.55","25","Waunakee","Waunakee","2026","25","5/20/2026","6/21/2026","5/20/2027","7/28/2026","1,091,400","$249.75","428.48","No","53597","2019","Arms Length","Cash","Waunakee","$249.75","No","Dane"
"Sold","2012399","1405 Atlas Trail","$1,295,000","Kilkenny West","Waunakee WI 53597","$1,295,000","$1,275,000","$1,275,000","6","3","3.5","1","3","2,479","1,786","4,265","0809-181-4541-1","0.31","133","Waunakee","Waunakee","2025","133","11/10/2025","3/23/2026","11/10/2026","6/8/2026","0","$298.94","514.32","No","53597","2025","Arms Length","Conventional","Waunakee","$298.94","No","Dane"
"Expired","2007309","1105 Guinness Street","$1,325,000","Kilkenny Farms","Waunakee WI 53597","$1,275,000","$1,275,000",,"5","4","4.5","1","3","3,502","932","4,434","0809-172-6137-1","0.30","95","Waunakee","Waunakee","2025","95","8/25/2025",,"12/1/2025",,"1,058,900",,,,"53597","2015",,,"Waunakee","$287.55","No","Dane"
"Expired","2013897","L129 Moll Drive","$1,278,000","Kilkenny Farms West","Waunakee WI 53597","$1,278,000","$1,278,000",,"6","3","3.0","0","3","2,266","1,560","3,826","0809-181-4641-1","0.35","90","Waunakee","Waunakee","2025","90","12/18/2025",,"3/17/2026",,"100",,,,"53597","2026",,,"Waunakee","$334.03","No","Dane"
"Sold","2003309","1104 Winn Drive","$1,499,000","Kilkenny Farms West","Waunakee WI 53704","$1,349,900","$1,290,000","$1,290,000","4","3","3.5","1","3","2,737","1,318","4,055","0809-181-4736-1","0.29","218","Waunakee","Waunakee","2025","218","6/30/2025","2/3/2026","6/30/2026","2/26/2026","217,000","$318.13","471.32","No","53704","2025","Arms Length","Conventional","Waunakee","$318.13","No","Dane"
"Sold","MM1946925","1103 Moll Drive","$1,349,900","Kilkenny Farms West","Waunakee WI 53597","$1,349,900","$1,295,000","$1,295,000","4","3","3.5","1","3","2,730","1,506","4,236","191080918146911","0.35","204","Waunakee","Waunakee",,"23","1/10/2026","2/2/2026","1/1/2079","2/27/2026",,"$305.71","474.36",,"53597","2025",,"Conventional","Waunakee","$305.71","No","Dane"
"Expired","2007945","L142 Moll Drive","$1,299,000","Kilkenny Farms West","Waunakee WI 53597","$1,299,000","$1,299,000",,"6","3","3.5","1","3","2,655","1,858","4,513","0809-181-4706-1","0.34","154","Waunakee","Waunakee","2024","154","9/3/2025",,"2/4/2026",,"0",,,,"53597","2025",,,"Waunakee","$287.84","No","Dane"
"Sold","2016029","1203 Moll Drive","$1,299,000","Kilkenny Farms West","Waunakee WI 53597","$1,299,000","$1,299,000","$1,299,000","6","3","3.5","1","3","2,655","1,858","4,513","0809-181-4706-1","0.34","41","Waunakee","Waunakee","2025","41","2/4/2026","3/17/2026","8/4/2026","4/29/2026","200","$287.84","489.27","No","53597","2026","Arms Length","Cash","Waunakee","$287.84","No","Dane"
"Expired","2014371","L110 Atlas Trail","$1,299,900","Kilkenny Farms West","Waunakee WI 53597","$1,299,900","$1,299,900",,"5","3","3.5","1","3","2,637","1,791","4,428","0809-181-4546-1","0.30","70","Waunakee","Waunakee","2025","70","1/6/2026",,"3/17/2026",,"100",,,,"53597","2026",,,"Waunakee","$293.56","No","Dane"
"Expired","2000181","5596 Surrey Lane","$1,450,000","Carriage Ridge","Waunakee WI 53597","$1,300,000","$1,300,000",,"4","4","4.5","1","3","3,591","1,193","4,784","0809-212-0276-8","0.83","199","Waunakee","Waunakee","2024","199","5/19/2025",,"12/8/2025",,"830,200",,,,"53597","2003",,,"Waunakee","$271.74","No","Dane"
"Sold","2016558","1407 Atlas Trail","$1,249,900","Kilkenny West","Waunakee WI 53597","$1,249,900","$1,323,970","$1,323,970","4","3","3.5","1","3","3,027","1,891","4,918","080918145361","0.38","42","Waunakee","Waunakee","2025","42","2/13/2026","3/27/2026","8/12/2026","6/11/2026","200","$269.21","437.39","No","53597","2026","Arms Length","Conventional","Waunakee","$269.21","Yes","Dane"
"Expired","2009416","1200 Winn Drive","$1,330,000",,"Waunakee WI 53597","$1,330,000","$1,330,000",,"5","4","4.5","1","3","3,406","1,051","4,457","080918147311","0.28","2","Waunakee","Waunakee","2025","2","9/22/2025",,"12/21/2025",,"2",,,,"53597","2025",,,"Waunakee","$298.41","No","Dane"
"Active","2027474","1601 Schreiner Lane","$1,345,000","Kilkenny West","Waunakee WI 53597","$1,345,000","$1,345,000",,"5","3","3.0","0","3","2,640","1,501","4,141","0000-000-0000-0","0.26","45","Waunakee","Waunakee","2025","45","7/6/2026",,"1/5/2027",,"200",,,,"53597","2026",,,"Waunakee","$324.80","Yes","Dane"
"Expired","MM1926343","1103 Moll Drive","$1,499,000","Kilkenny Farms West","Waunakee WI 53597","$1,374,900","$1,374,900",,"4","3","3.5","1","3","2,730","1,506","4,236","191/0809-181-4691-1","0.35","181","Waunakee","Waunakee",,"181","7/12/2025",,"1/9/2026",,,,,,"53597","2025",,,"Waunakee","$324.58","No","Dane"
"Expired","1997825","5606 Shenandoah Drive","$1,400,000","Carriage Ridge","Waunakee WI 53597","$1,379,900","$1,379,900",,"5","4","4.0","0","3","3,814","1,260","5,074","0809-163-4671-0","0.42","147","Waunakee","Waunakee","2024","147","4/18/2025",,"9/18/2025",,"892,400",,,,"53597","2021",,,"Waunakee","$271.96","No","Dane"
"Active","2013433","1306 Moll Drive","$1,385,000","Kilkenny Farms West","Waunakee WI 53597","$1,385,000","$1,385,000",,"5","3","3.5","1","4","2,466","2,658","5,124","0809-181-4626-1","0.35","259","Waunakee","Waunakee","2026","259","12/4/2025",,"12/4/2026",,"0",,,,"53597","2026",,,"Waunakee","$270.30","No","Dane"
"Active","2022630","1302 Moll Drive","$1,395,000","Kilkenny Farms West","Waunakee WI 53597","$1,395,000","$1,395,000",,"6","4","4.5","1","3","2,577","1,963","4,540","0809-181-4541-1","0.31","106","Waunakee","Waunakee","2026","106","5/6/2026",,"12/6/2026",,"0",,,,"53597","2026",,,"Waunakee","$307.27","No","Dane"
"Offer-Show","2027118","1600 Ginger Lane","$1,395,000","Kilkenny West","Waunakee WI 53597","$1,395,000","$1,395,000",,"5","4","4.5","1","3","3,818","1,342","5,160","0809-181-4581-1","0.30","50","Waunakee","Waunakee","2026","50","7/1/2026","7/8/2026","1/1/2027",,"100",,,,"53597","2026",,,"Waunakee","$270.35","No","Dane"
"Offer-No Show","2025709","1222 Bongard Drive","$1,399,000","Eldorado Woods Addition to Savanah Vill.","Waunakee WI 53597","$1,399,000","$1,399,000",,"5","4","4.5","1","3","2,814","2,086","4,900","0809-153-2100-1","0.50","52","Waunakee","Waunakee","2025","52","6/12/2026","8/8/2026","10/31/2026",,"965,000",,,,"53597","2005",,,"Waunakee","$285.51","No","Dane"
"Offer-Show","2028314","1118 Reese Trail","$1,399,900","Arboretum Village","Waunakee WI 53597","$1,399,900","$1,399,900",,"5","3","3.5","1","3","2,470","1,994","4,464","0809-094-0701-1","0.37","36","Waunakee","Waunakee","2026","36","7/15/2026","7/24/2026","1/15/2027",,"1,071,400",,,,"53597","2024",,,"Waunakee","$313.60","No","Dane"
"Active","2017315","5114 Reynolds Avenue","$2,000,000","2nd Ward Beach","Waunakee WI 53597","$1,400,000","$1,400,000",,"4","1","1.0","0","0","1,534","0","1,534","0809-284-4109-6","0.58","176","Waunakee","Waunakee","2026","176","2/25/2026",,"12/20/2026",,"1,112,200",,,,"53597","1924",,,"Waunakee","$912.65","No","Dane"
"Sold","2017598","1117 Kyron Drive","$1,319,000","Kilkenny Farms West","Waunakee WI 53597","$1,319,000","$1,403,408","$1,403,408","4","3","3.5","1","3","2,774","1,428","4,202","0809-181-4896-1","0.30","81","Waunakee","Waunakee","2025","81","3/2/2026","5/22/2026","7/24/2026","6/29/2026","100","$333.99","505.91","No","53597","2026","Arms Length","Conventional","Waunakee","$333.99","No","Dane"
"Expired","2009631","5114 Reynolds Avenue","$1,450,000","2nd Ward Beach","Waunakee WI 53597","$1,450,000","$1,450,000",,"4","1","1.0","0","0","1,534","0","1,534","0809-284-4109-6","0.58","89","Waunakee","Waunakee","2025","89","9/26/2025",,"12/23/2025",,"1,112,200",,,,"53597","1924",,,"Waunakee","$945.24","No","Dane"
"Sold","2003505","1102 Moll Drive","$1,499,000","Kilkenny West","Waunakee WI 53597","$1,499,000","$1,450,000","$1,450,000","5","3","3.5","1","3","2,405","1,875","4,280","0809-181-4671-1","0.34","82","Waunakee","Waunakee","2025","48","7/2/2025","8/19/2025","12/29/2025","8/29/2025","0","$338.79","602.91","No","53597","2025","Arms Length","Conventional","Waunakee","$338.79","No","Dane"
"Active","2029263","1321 Atlas Trail","$1,485,000","Kilkenny Farms West","Waunakee WI 53597","$1,485,000","$1,485,000",,"5","3","3.5","1","3","2,391","1,825","4,216","123456789999","0.36","21","Waunakee","Waunakee","2026","21","7/30/2026",,"7/30/2027",,"999",,,,"53597","2026",,,"Waunakee","$352.23","No","Dane"
"Expired","2013520","1302 Moll Drive","$1,495,000","Kilkenny Farms West","Waunakee WI 53597","$1,495,000","$1,495,000",,"6","4","4.5","1","3","2,458","2,308","4,766","0809-181-4636-1","0.35","91","Waunakee","Waunakee","2026","91","12/5/2025",,"3/6/2026",,"0",,,,"53597","2026",,,"Waunakee","$313.68","No","Dane"
"Sold","2011701","809 Nancy Court","$1,510,000","West Bridge","Waunakee WI 53597","$1,510,000","$1,500,000","$1,500,000","4","3","3.5","1","3","2,478","1,717","4,195","0809-062-2253-1","0.33","254","Waunakee","Waunakee","2024","87","10/31/2025","1/26/2026","4/30/2026","3/3/2026","100","$357.57","605.33","No","53597","2025","Arms Length","Cash","Waunakee","$357.57","No","Dane"
"Expired","1998546","809 Nancy Court","$1,499,000","West Bridge","Waunakee WI 53597","$1,510,000","$1,510,000",,"4","3","3.5","1","3","2,478","1,717","4,195","0809-062-2253-1","0.33","167","Waunakee","Waunakee","2024","167","4/28/2025",,"10/28/2025",,"100",,,,"53597","2025",,,"Waunakee","$359.95","No","Dane"
"Active","2027262","1605 Ginger Lane","$1,599,000","Kilkenny Farms West","Waunakee WI 53597","$1,549,000","$1,549,000",,"5","3","3.5","1","3","2,341","1,346","3,687","0809-181-4591-1","0.32","42","Waunakee","Waunakee","2025","42","7/2/2026",,"7/2/2027",,"100",,,,"53597","2026",,,"Waunakee","$420.12","No","Dane"
"Expired","2007718","5556 SURREY Lane","$1,695,000","Carriage Ridge","Waunakee WI 53597","$1,575,000","$1,575,000",,"5","4","4.5","1","3","4,470","1,350","5,820","0809-212-0213-3","0.91","219","Waunakee","Waunakee","2024","106","8/29/2025",,"12/12/2025",,"883,300",,,,"53597","2001",,,"Waunakee","$270.62","No","Dane"
"Active","2025623","1304 Moll Drive","$1,589,900","Kilkenny Farms West","Waunakee WI 53597","$1,589,900","$1,589,900",,"5","3","3.5","1","3","2,950","1,856","4,806","0809-181-4631-1","0.35","70","Waunakee","Waunakee","2025","70","6/11/2026",,"6/11/2027",,"100",,,,"53597","2026",,,"Waunakee","$330.82","No","Dane"
"Sold","2000105","1140 Reese Trail","$1,899,000","Arboretum Village","Waunakee WI 53597","$1,695,000","$1,647,500","$1,647,500","5","4","4.5","1","4","4,100","1,788","5,888","0809-094-0623-1","0.32","244","Waunakee","Waunakee","2025","244","5/15/2025","3/6/2026","5/15/2026","3/16/2026","1,890,400","$279.81","401.83","No","53597","2021","Arms Length","Cash","Waunakee","$279.81","No","Dane"
"Expired","1999486","5556 SURREY Lane","$1,750,000","Carriage Ridge","Waunakee WI 53597","$1,695,000","$1,695,000",,"5","4","4.5","1","3","4,470","1,350","5,820","0809-212-0213-3","0.91","113","Waunakee","Waunakee","2024","113","5/9/2025",,"8/29/2025",,"883,300",,,,"53597","2001",,,"Waunakee","$291.24","No","Dane"
"Expired","2008438","5928 Burning Prairie Drive","$1,840,000","Bishops Bay Prairie Estates","Waunakee WI 53597","$1,699,000","$1,699,000",,"5","3","3.5","1","3","3,545","1,665","5,210","080932141780","0.36","195","Waunakee","Waunakee","2024","106","9/10/2025",,"12/24/2025",,"100",,,,"53597","2025",,,"Waunakee","$326.10","No","Dane"
"Active","2016844","5803 Bellewood Drive","$1,845,000","Carriage Ridge","Waunakee WI 53597","$1,699,000","$1,699,000",,"5","3","3.5","1","4","3,304","2,778","6,082","0809-163-4209-0","0.48","182","Waunakee","Waunakee","2025","182","2/19/2026",,"2/17/2027",,"1,383,900",,,,"53597","2019",,,"Waunakee","$279.35","No","Dane"
"Sold","2004883","2203 Scoil Court","$1,849,000","Killkenny/Southbridge","Waunakee WI 53597","$1,824,000","$1,750,000","$1,750,000","5","4","4.5","1","3","4,375","1,816","6,191","0809-163-3212-1","0.43","127","Waunakee","Waunakee","2025","127","7/21/2025","12/6/2025","7/20/2026","1/30/2026","1,788,700","$282.67","400.00","No","53597","2011","Arms Length","Conventional","Waunakee","$282.67","No","Dane"
"Sold","2022816","1109 Kyron Drive","$1,795,000","Kilkenny West","Waunakee WI 53597","$1,795,000","$1,780,000","$1,780,000","7","4","4.5","1","3","4,182","1,838","5,966","0809-181-4906-1","0.31","46","Waunakee","Waunakee","2026","46","5/8/2026","6/23/2026","12/31/2026","7/15/2026","100","$298.36","425.63","No","53597","2026","Arms Length","Conventional","Waunakee","$298.36","No","Dane"
"Expired","2017205","5571 Surrey Lane","$1,850,000","Carriage Ridge","Waunakee WI 53597","$1,799,000","$1,799,000",,"4","3","3.5","1","3","3,636","2,541","6,177","0809-212-2030-0","0.98","108","Waunakee","Waunakee","2026","108","2/25/2026",,"6/12/2026",,"1,388,600",,,,"53597","2001",,,"Waunakee","$291.24","No","Dane"
"Expired","2002143","5928 Burning Prairie Drive","$1,980,000","The Community of Bishops Bay","Waunakee WI 53597","$1,840,000","$1,840,000",,"5","3","3.5","1","3","3,545","1,665","5,210","0809-321-4178-0","0.36","89","Waunakee","Waunakee","2024","89","6/13/2025",,"9/9/2025",,"100",,,,"53597","2025",,,"Waunakee","$353.17","No","Dane"
"Expired","2004217","5803 Bellewood Drive","$1,975,000","Carriage Ridge","Waunakee WI 53597","$1,845,000","$1,845,000",,"5","3","3.5","1","4","3,304","2,778","6,082","0809-163-4209-0","0.48","156","Waunakee","Waunakee","2024","156","7/11/2025",,"12/13/2025",,"973,300",,,,"53597","2019",,,"Waunakee","$303.35","No","Dane"
"Sold","2029635","1612 Bellewood Drive","$1,950,000","Southbridge","Waunakee WI 53597","$1,950,000","$1,900,000","$1,900,000","4","3","3.5","2","3","4,212","4,490","8,702","0809-174-4096-1","0.65","3","Waunakee","Waunakee","2025","3","6/26/2026","6/29/2026","12/26/2026","7/31/2026","1,567,400","$218.34","451.09","No","53597","2011","Arms Length","Conventional","Waunakee","$218.34","No","Dane"
"Expired","2000177","5571 Surrey Lane","$2,000,000","Carriage Ridge","Waunakee WI 53597","$1,950,000","$1,950,000",,"4","3","3.5","1","3","3,636","2,541","6,177","0809-212-2030-0","0.98","213","Waunakee","Waunakee","2024","213","5/19/2025",,"12/17/2025",,"955,400",,,,"53597","2001",,,"Waunakee","$315.69","No","Dane"
"Sold","2026853","1133 Kyron Drive","$2,050,875","Kilkenny West","Waunakee WI 53597-2239","$2,050,875","$2,050,875","$2,050,875","7","4","4.5","2","3","2,419","2,101","4,520","0809-181-4876-1","0.40","0","Waunakee","Waunakee","2026","0","6/18/2026","6/18/2026","6/26/2028","6/18/2026","645,000","$453.73","847.82","No","53597-2239","2026","FSBO Comp - Not Listed","Cash","Waunakee","$453.73","No","Dane"
"Expired","2006439","1714 Bellewood Drive","$2,350,000",,"Waunakee WI 53597","$2,100,000","$2,100,000",,"6","4","4.5","1","3","4,198","2,052","6,250","0809-174-6143-1","0.48","83","Waunakee","Waunakee","2024","83","8/12/2025",,"2/12/2026",,"1,156,800",,,,"53597","2008",,,"Waunakee","$336.00","No","Dane"
"Offer-No Show","2028277","6837 Woodland Drive","$2,250,000",,"Waunakee WI 53597","$2,250,000","$2,250,000",,"3","3","3.0","0","2","2,437","0","2,437","0808-142-8555-0","11.75","9","Waunakee","Waunakee","2026","9","7/16/2026","8/1/2026","12/7/2026",,"1,584,400",,,"Yes","53597","2007",,,"Waunakee","$923.27","No","Dane"
"Expired","2012158","5571 County Road Q","$16,000,000",,"Waunakee WI 53597-9407","$16,000,000","$16,000,000",,"4","1","1.0","0","2","2,345","0","2,345","0809-191-8435-0","154.63","1","Waunakee","Waunakee","2024","1","11/6/2025",,"11/13/2025",,"405,300",,,,"53597-9407","999",,,"Waunakee","$6,823.03","No","Dane"
